,Date,Open,High,Low,Close
2192,2021-12-31,64.25,65.79,64.03,64.86
2191,2021-12-30,65.32,66.49,64.61,64.71
2190,2021-12-29,65.06,65.815,64.45,65.19
2189,2021-12-28,66.7,67.82,65.52,65.6
2188,2021-12-27,66.75,67.45,65.85,67.27
2187,2021-12-23,67.92,68.5,66.11,66.91
2186,2021-12-22,65.57,67.68,65.03,67.31
2185,2021-12-21,62.26,65.7,62.26,65.6
2184,2021-12-20,59.49,61.53,59.27,61.28
2183,2021-12-17,59.66,62.16,59.2,61.56
2182,2021-12-16,60.61,61.86,59.62,59.87
2181,2021-12-15,62.11,62.19,59.65,60.96
2180,2021-12-14,62.43,63.335,61.2,61.38
2179,2021-12-13,65.14,65.14,62.1,63.06
2178,2021-12-10,64.77,65.84,63.48,65.82
2177,2021-12-09,63.0,65.2,62.75,64.2
2176,2021-12-08,62.24,65.09,61.565,64.43
2175,2021-12-07,63.0,63.55,60.43,60.96
2174,2021-12-06,60.95,63.13,60.0101,61.79
2173,2021-12-03,61.99,62.06,59.25,59.51
2172,2021-12-02,58.57,62.05,57.49,61.44
2171,2021-12-01,61.08,62.15,57.54,57.6
2170,2021-11-30,59.95,61.21,56.6,58.99
2169,2021-11-29,63.56,63.97,60.42,61.08
2168,2021-11-26,62.58,62.58,58.7401,61.58
2167,2021-11-24,65.4,67.15,64.905,66.34
2166,2021-11-23,65.87,66.15,63.41,66.1
2165,2021-11-22,67.02,67.55,64.0606,65.41
2164,2021-11-19,64.55,67.49,64.5237,66.45
2163,2021-11-18,63.94,66.29,63.04,65.82
2162,2021-11-17,63.26,64.03,62.12,63.35
2161,2021-11-16,63.61,64.53,62.35,62.94
2160,2021-11-15,64.16,64.73,62.54,64.02
2159,2021-11-12,64.5,65.28,63.36,63.48
2158,2021-11-11,64.42,65.34,63.49,64.61
2157,2021-11-10,66.5,67.35,64.3,64.64
2156,2021-11-09,65.5,68.725,64.8,66.36
2155,2021-11-08,69.23,70.38,68.0,68.78
2154,2021-11-05,69.13,70.48,68.25,69.0
2153,2021-11-04,66.09,66.92,65.16,66.39
2152,2021-11-03,64.74,66.46,64.39,65.5
2151,2021-11-02,64.77,65.26,63.55,64.75
2150,2021-11-01,63.72,65.55,63.72,65.23
2149,2021-10-29,62.7,63.89,62.3,63.5
2148,2021-10-28,62.92,63.4,62.1,62.88
2147,2021-10-27,65.79,65.845,61.54,62.51
2146,2021-10-26,67.35,68.03,64.5,65.84
2145,2021-10-25,64.7,66.86,63.8,66.71
2144,2021-10-22,62.87,64.87,62.3,64.74
2143,2021-10-21,60.28,62.28,60.18,62.24
2142,2021-10-20,58.33,60.45,58.27,60.31
2141,2021-10-19,59.49,59.51,58.16,58.26
2140,2021-10-18,58.74,60.18,57.95,59.69
2139,2021-10-15,59.95,60.93,59.2,59.23
2138,2021-10-14,57.8,59.31,57.54,59.07
2137,2021-10-13,58.99,58.99,56.6,57.75
2136,2021-10-12,57.94,58.6,57.44,58.57
2135,2021-10-11,58.78,59.63,57.4,57.44
2134,2021-10-08,60.31,61.85,58.84,59.02
2133,2021-10-07,60.0,60.8702,59.38,59.82
2132,2021-10-06,57.49,59.79,57.335,59.72
2131,2021-10-05,59.83,60.04,58.275,58.54
2130,2021-10-04,58.49,59.71,58.37,59.35
2129,2021-10-01,56.17,59.235,56.01,58.78
2128,2021-09-30,55.96,56.24,54.87,55.32
2127,2021-09-29,57.46,57.6,55.595,55.97
2126,2021-09-28,58.1,58.64,56.76,56.82
2125,2021-09-27,59.52,60.18,58.3,58.33
2124,2021-09-24,57.37,59.61,57.2,59.2
2123,2021-09-23,56.02,57.56,55.95,57.4
2122,2021-09-22,54.59,55.835,54.36,55.52
2121,2021-09-21,55.0,55.7,54.23,54.36
2120,2021-09-20,53.75,55.06,53.19,54.68
2119,2021-09-17,55.86,57.65,54.93,55.04
2118,2021-09-16,53.76,56.04,53.18,55.65
2117,2021-09-15,54.28,54.455,52.81,53.89
2116,2021-09-14,54.42,55.16,53.63,54.44
2115,2021-09-13,53.07,54.58,51.605,54.26
2114,2021-09-10,52.19,53.62,51.57,52.54
2113,2021-09-09,49.74,51.6,49.45,51.01
2112,2021-09-08,49.7,50.415,48.92,49.66
2111,2021-09-07,47.52,50.345,47.4,49.67
2110,2021-09-03,49.17,49.345,46.97,47.69
2109,2021-09-02,49.35,50.41,48.66,49.38
2108,2021-09-01,49.07,50.41,48.99,49.25
2107,2021-08-31,49.62,50.17,48.58,49.19
2106,2021-08-30,50.64,50.78,49.32,49.61
2105,2021-08-27,50.51,51.85,49.14,50.84
2104,2021-08-26,51.66,52.67,50.23,50.62
2103,2021-08-25,51.23,52.37,50.72,51.75
2102,2021-08-24,50.99,51.8,50.69,51.22
2101,2021-08-23,50.04,51.84,49.59,50.16
2100,2021-08-20,47.87,49.54,47.67,49.34
2099,2021-08-19,47.57,48.25,46.57,47.85
2098,2021-08-18,48.71,49.64,47.74,48.21
2097,2021-08-17,50.65,50.72,48.225,49.33
2096,2021-08-16,52.56,52.84,50.88,51.21
2095,2021-08-13,51.76,53.25,51.21,52.97
2094,2021-08-12,52.2,52.2,50.415,51.45
2093,2021-08-11,50.78,53.28,49.89,52.92
2092,2021-08-10,50.6,52.0,49.61,50.83
2091,2021-08-09,51.98,51.98,49.48,50.67
2090,2021-08-06,52.46,53.85,50.21,52.4
2089,2021-08-05,46.51,51.78,45.71,51.3
2088,2021-08-04,45.01,45.79,43.1838,43.81
2087,2021-08-03,47.15,47.15,44.76,45.83
2086,2021-08-02,47.94,49.66,47.01,47.13
2085,2021-07-30,46.59,48.05,46.535,47.41
2084,2021-07-29,46.3,47.97,45.65,47.01
2083,2021-07-28,47.47,49.47,45.1,45.62
2082,2021-07-27,46.58,47.14,44.91,46.04
2081,2021-07-26,45.68,47.44,45.3306,47.27
2080,2021-07-23,46.21,46.34,44.82,45.0
2079,2021-07-22,46.35,46.76,45.4,45.99
2078,2021-07-21,46.23,47.45,45.79,46.95
2077,2021-07-20,43.71,46.21,43.42,45.64
2076,2021-07-19,45.61,45.64,41.94,43.21
2075,2021-07-16,48.49,48.95,46.9,47.23
2074,2021-07-15,47.58,48.35,46.57,47.9
2073,2021-07-14,47.64,48.47,46.54,46.69
2072,2021-07-13,48.72,48.88,47.135,47.23
2071,2021-07-12,48.75,49.59,47.9,49.29
2070,2021-07-09,47.57,49.86,47.31,49.54
2069,2021-07-08,46.0,48.75,45.46,46.98
2068,2021-07-07,48.56,49.49,47.0,47.35
2067,2021-07-06,51.04,51.39,48.73,49.03
2066,2021-07-02,51.55,51.69,50.2,51.09
2065,2021-07-01,50.0,51.735,49.77,51.19
2064,2021-06-30,49.08,50.73,48.75,49.94
2063,2021-06-29,49.26,50.3,48.55,48.97
2062,2021-06-28,52.15,52.27,47.97,49.46
2061,2021-06-25,53.6,54.92,52.175,52.39
2060,2021-06-24,53.52,54.33,53.1,53.87
2059,2021-06-23,54.04,54.3,53.42,53.42
2058,2021-06-22,53.65,54.2,52.94,54.01
2057,2021-06-21,53.0,54.05,52.65,53.91
2056,2021-06-18,51.78,52.79,51.39,52.38
2055,2021-06-17,53.93,54.78,51.04,52.19
2054,2021-06-16,54.47,55.07,53.79,54.38
2053,2021-06-15,54.41,55.15,53.95,54.47
2052,2021-06-14,55.28,56.06,53.995,54.4
2051,2021-06-11,55.45,55.8876,54.505,55.55
2050,2021-06-10,56.17,56.18,53.93,55.08
2049,2021-06-09,56.37,56.5,54.84,55.96
2048,2021-06-08,57.93,58.26,55.69,56.64
2047,2021-06-07,56.0,58.14,55.41,57.69
2046,2021-06-04,55.6,56.145,54.74,56.0
2045,2021-06-03,54.54,55.505,53.0,55.0
2044,2021-06-02,56.05,56.41,54.48,54.99
2043,2021-06-01,54.6,56.57,54.6,56.26
2042,2021-05-28,55.19,55.42,53.97,54.43
2041,2021-05-27,54.89,55.59,53.64,55.46
2040,2021-05-26,53.91,54.97,53.73,54.88
2039,2021-05-25,53.66,54.47,52.83,54.04
2038,2021-05-24,52.5,53.86,52.145,53.0
2037,2021-05-21,52.17,52.84,51.64,51.78
2036,2021-05-20,52.51,52.8,50.99,51.37
2035,2021-05-19,51.72,52.5,50.6,52.36
2034,2021-05-18,52.64,54.095,52.41,52.9
2033,2021-05-17,52.09,52.38,50.5,52.32
2032,2021-05-14,51.39,53.41,51.23,52.97
2031,2021-05-13,49.99,51.48,49.2301,50.74
2030,2021-05-12,52.39,52.695,49.26,49.5
2029,2021-05-11,51.36,53.22,50.355,52.92
2028,2021-05-10,53.29,53.81,52.09,52.26
2027,2021-05-07,53.87,54.71,53.38,53.69
2026,2021-05-06,53.31,54.7299,52.33,53.09
2025,2021-05-05,53.98,54.76,53.21,53.21
2024,2021-05-04,53.0,53.66,51.5,53.65
2023,2021-05-03,55.1,55.47,52.88,53.18
2022,2021-04-30,54.65,55.78,54.28,54.76
2021,2021-04-29,53.75,55.39,53.35,54.62
2020,2021-04-28,54.48,54.9,53.17,53.46
2019,2021-04-27,55.97,56.31,54.12,54.66
2018,2021-04-26,56.89,57.18,54.25,55.32
2017,2021-04-23,56.5,57.57,55.875,56.5
2016,2021-04-22,54.96,57.395,54.91,55.92
2015,2021-04-21,51.68,55.24,51.25,54.92
2014,2021-04-20,51.32,52.95,49.6235,52.04
2013,2021-04-19,50.54,52.18,49.99,50.9
2012,2021-04-16,49.9,51.9,49.84,51.41
2011,2021-04-15,50.3,50.6025,48.45,49.77
2010,2021-04-14,49.5,51.49,49.38,50.27
2009,2021-04-13,49.24,49.66,48.06,49.14
2008,2021-04-12,49.77,50.98,49.13,50.15
2007,2021-04-09,50.28,50.6,49.42,49.94
2006,2021-04-08,51.07,51.19,49.6898,50.5
2005,2021-04-07,51.15,51.66,50.3,50.99
2004,2021-04-06,51.33,52.77,50.87,50.97
2003,2021-04-05,51.95,53.92,50.92,51.39
2002,2021-04-01,50.45,51.63,50.24,51.06
2001,2021-03-31,50.36,51.36,49.1,49.67
2000,2021-03-30,48.7,50.94,48.7,50.4
1999,2021-03-29,50.07,50.84,47.27,48.22
1998,2021-03-26,51.71,52.84,49.56,50.73
1997,2021-03-25,46.87,51.71,46.315,51.27
1996,2021-03-24,48.42,49.84,47.3,47.7
1995,2021-03-23,49.23,49.585,46.33,47.1
1994,2021-03-22,51.12,51.795,49.535,50.02
1993,2021-03-19,50.02,51.45,48.82,51.08
1992,2021-03-18,50.71,52.22,49.92,50.12
1991,2021-03-17,48.32,50.82,47.97,50.4
1990,2021-03-16,49.81,50.37,48.2,48.5
1989,2021-03-15,50.92,51.765,49.79,50.0
1988,2021-03-12,50.99,52.255,50.65,50.74
1987,2021-03-11,50.24,51.295,49.23,50.67
1986,2021-03-10,49.27,50.23,48.49,49.59
1985,2021-03-09,52.6,52.74,49.21,49.27
1984,2021-03-08,48.45,52.96,48.45,52.2
1983,2021-03-05,47.69,49.2,43.9,49.1
1982,2021-03-04,48.24,49.04,45.2846,47.06
1981,2021-03-03,48.4,50.53,48.08,48.23
1980,2021-03-02,50.15,50.9,48.05,48.36
1979,2021-03-01,50.4,50.93,48.88,50.28
1978,2021-02-26,48.12,49.93,45.3201,49.66
1977,2021-02-25,45.23,50.47,44.415,45.93
1976,2021-02-24,40.82,42.98,40.1519,41.35
1975,2021-02-23,40.1,40.43,37.7,40.34
1974,2021-02-22,38.72,40.66,38.59,38.94
1973,2021-02-19,36.76,39.21,36.76,38.92
1972,2021-02-18,35.81,36.55,35.1,36.44
1971,2021-02-17,35.0,36.3,34.7,35.97
1970,2021-02-16,34.43,35.6,34.3465,35.41
1969,2021-02-12,32.76,34.19,32.54,34.17
1968,2021-02-11,33.56,33.91,32.5,33.12
1967,2021-02-10,34.92,35.0,33.475,33.59
1966,2021-02-09,35.5,35.5,34.55,34.81
1965,2021-02-08,34.41,35.72,34.41,35.72
1964,2021-02-05,35.0,35.58,33.33,34.3
1963,2021-02-04,31.71,34.97,31.69,34.6
1962,2021-02-03,31.74,32.65,31.32,31.42
1961,2021-02-02,30.97,31.38,30.55,31.27
1960,2021-02-01,29.01,31.09,28.72,30.63
1959,2021-01-29,29.52,30.65,28.57,28.57
1958,2021-01-28,28.19,29.96,28.1,29.52
1957,2021-01-27,28.56,29.95,27.06,27.59
1956,2021-01-26,30.59,30.66,29.06,29.13
1955,2021-01-25,29.88,30.26,29.44,30.24
1954,2021-01-22,30.0,31.01,29.7,30.21
1953,2021-01-21,30.13,30.53,28.85,30.06
1952,2021-01-20,30.18,30.74,29.85,30.15
1951,2021-01-19,29.73,31.15,29.65,29.81
1950,2021-01-15,30.33,30.4,29.35,29.64
1949,2021-01-14,30.49,31.19,30.23,30.68
1948,2021-01-13,31.45,31.45,29.7535,30.14
1947,2021-01-12,32.75,32.75,31.145,31.6
1946,2021-01-11,32.21,33.01,31.86,32.42
1945,2021-01-08,33.48,33.665,32.12,32.81
1944,2021-01-07,32.82,34.54,32.66,33.48
1943,2021-01-06,30.95,32.75,30.95,32.47
1942,2021-01-05,30.15,30.99,30.15,30.64
1941,2021-01-04,31.49,32.1,29.9,30.31
1940,2020-12-31,31.09,31.97,30.64,31.59
1939,2020-12-30,30.24,31.53,30.24,31.19
1938,2020-12-29,31.55,31.7,30.1,30.19
1937,2020-12-28,30.99,31.59,30.69,31.23
1936,2020-12-24,31.01,31.07,30.31,30.56
1935,2020-12-23,30.49,31.19,30.345,31.12
1934,2020-12-22,30.53,30.84,29.72,30.24
1933,2020-12-21,29.6,30.61,29.41,30.4
1932,2020-12-18,30.43,31.315,30.17,31.13
1931,2020-12-17,29.31,30.55,29.06,30.36
1930,2020-12-16,29.34,29.68,28.62,29.11
1929,2020-12-15,28.83,29.875,28.26,29.37
1928,2020-12-14,29.38,29.58,28.37,28.38
1927,2020-12-11,29.35,29.97,28.83,28.91
1926,2020-12-10,28.6,29.42,28.37,29.39
1925,2020-12-09,29.45,30.39,28.445,29.04
1924,2020-12-08,28.55,29.43,28.36,28.89
1923,2020-12-07,29.8,30.48,28.7,28.83
1922,2020-12-04,29.79,30.09,29.15,29.82
1921,2020-12-03,29.69,30.23,29.46,29.66
1920,2020-12-02,28.58,29.83,28.21,29.54
1919,2020-12-01,28.47,29.27,28.305,28.7
1918,2020-11-30,28.81,29.0,27.71,27.9
1917,2020-11-27,28.96,29.31,28.7,28.91
1916,2020-11-25,28.96,29.34,28.57,29.04
1915,2020-11-24,28.76,29.58,28.19,29.36
1914,2020-11-23,26.73,28.105,26.66,28.02
1913,2020-11-20,26.68,27.09,26.465,26.61
1912,2020-11-19,26.44,26.98,26.1792,26.63
1911,2020-11-18,27.01,27.52,26.46,26.49
1910,2020-11-17,26.07,27.23,25.61,26.89
1909,2020-11-16,27.76,27.8487,26.08,26.5
1908,2020-11-13,25.8,26.65,25.8,26.18
1907,2020-11-12,25.6,26.72,25.12,25.41
1906,2020-11-11,27.18,27.3,25.64,26.09
1905,2020-11-10,26.98,27.73,25.92,27.22
1904,2020-11-09,27.18,30.54,26.26,27.05
1903,2020-11-06,24.56,24.96,23.35,23.8
1902,2020-11-05,23.5,25.11,23.5,24.55
1901,2020-11-04,22.55,24.0,22.29,23.36
1900,2020-11-03,22.17,23.12,22.14,22.77
1899,2020-11-02,22.24,22.24,21.2,21.75
1898,2020-10-30,21.21,22.29,21.01,22.02
1897,2020-10-29,21.15,21.572,20.88,21.28
1896,2020-10-28,21.03,21.35,19.5602,21.17
1895,2020-10-27,22.56,22.77,21.52,21.95
1894,2020-10-26,23.2,23.45,22.06,22.51
1893,2020-10-23,23.91,24.18,23.02,23.82
1892,2020-10-22,22.96,24.77,22.96,23.69
1891,2020-10-21,23.21,23.3089,22.0,22.76
1890,2020-10-20,22.7,23.945,22.515,23.31
1889,2020-10-19,22.97,23.2,22.16,22.3
1888,2020-10-16,22.64,23.04,22.34,22.67
1887,2020-10-15,21.94,22.68,21.66,22.6
1886,2020-10-14,21.85,22.9,21.85,22.18
1885,2020-10-13,22.24,22.63,21.6,21.89
1884,2020-10-12,23.0,23.0,22.16,22.65
1883,2020-10-09,22.12,22.85,21.88,22.68
1882,2020-10-08,22.0,22.36,21.56,22.01
1881,2020-10-07,21.35,22.05,21.05,21.76
1880,2020-10-06,21.47,22.2224,20.93,20.95
1879,2020-10-05,20.33,20.615,19.93,20.54
1878,2020-10-02,18.74,20.34,18.63,20.21
1877,2020-10-01,19.9,19.95,19.34,19.66
1876,2020-09-30,20.2,20.77,19.6,19.72
1875,2020-09-29,20.55,20.64,19.49,20.01
1874,2020-09-28,20.95,21.08,20.18,20.64
1873,2020-09-25,19.23,20.655,19.23,20.49
1872,2020-09-24,19.0,19.75,18.39,19.31
1871,2020-09-23,19.82,20.46,19.04,19.11
1870,2020-09-22,19.26,19.8873,19.02,19.73
1869,2020-09-21,20.47,20.6163,19.22,19.29
1868,2020-09-18,21.63,21.9,21.06,21.38
1867,2020-09-17,21.37,22.31,20.89,21.62
1866,2020-09-16,21.2,22.13,21.12,21.85
1865,2020-09-15,21.63,21.715,20.74,21.09
1864,2020-09-14,21.02,21.69,20.8,21.46
1863,2020-09-11,21.19,21.26,20.42,20.72
1862,2020-09-10,21.63,22.36,21.02,21.1
1861,2020-09-09,21.12,21.695,20.08,21.58
1860,2020-09-08,20.65,21.89,20.53,21.3
1859,2020-09-04,21.55,21.84,20.565,21.07
1858,2020-09-03,20.81,21.92,20.63,21.01
1857,2020-09-02,20.7,20.88,20.165,20.78
1856,2020-09-01,20.13,20.73,19.87,20.44
1855,2020-08-31,21.23,21.37,20.16,20.4
1854,2020-08-28,20.95,21.6899,20.53,21.37
1853,2020-08-27,19.8,21.05,19.61,20.55
1852,2020-08-26,19.81,20.02,19.4,19.65
1851,2020-08-25,19.77,19.985,19.16,19.74
1850,2020-08-24,19.05,19.525,18.29,19.5
1849,2020-08-21,19.2,20.05,18.79,18.87
1848,2020-08-20,18.77,19.54,18.3765,19.36
1847,2020-08-19,18.7,19.27,18.5,18.85
1846,2020-08-18,18.7,19.03,18.41,18.8
1845,2020-08-17,19.15,19.15,18.2,18.86
1844,2020-08-14,18.42,19.34,18.19,19.0
1843,2020-08-13,18.08,18.87,17.945,18.52
1842,2020-08-12,18.44,18.49,17.39,18.07
1841,2020-08-11,18.4,19.07,18.03,18.12
1840,2020-08-10,16.1,18.16,15.99,17.89
1839,2020-08-07,16.36,17.03,16.2615,16.91
1838,2020-08-06,15.49,16.54,15.3001,16.46
1837,2020-08-05,15.78,15.91,14.87,15.46
1836,2020-08-04,14.53,15.845,14.48,15.4
1835,2020-08-03,14.5,14.8,13.91,14.54
1834,2020-07-31,14.94,14.9999,13.98,14.47
1833,2020-07-30,14.92,15.27,14.72,15.05
1832,2020-07-29,15.9,16.23,14.93,15.16
1831,2020-07-28,15.56,16.07,15.55,15.72
1830,2020-07-27,15.98,15.98,15.05,15.69
1829,2020-07-24,16.5,16.59,15.78,16.0
1828,2020-07-23,16.42,16.78,16.07,16.65
1827,2020-07-22,16.46,17.09,16.3,16.67
1826,2020-07-21,16.31,16.95,16.31,16.71
1825,2020-07-20,16.52,16.96,16.13,16.18
1824,2020-07-17,16.87,16.93,16.26,16.64
1823,2020-07-16,16.74,17.16,16.33,16.94
1822,2020-07-15,16.1,17.51,15.91,17.3
1821,2020-07-14,15.09,15.34,14.7,15.06
1820,2020-07-13,15.92,16.16,15.05,15.17
1819,2020-07-10,15.01,15.82,14.67,15.69
1818,2020-07-09,15.86,16.07,15.12,15.15
1817,2020-07-08,15.44,16.36,15.2,16.18
1816,2020-07-07,15.44,16.11,15.2,15.55
1815,2020-07-06,15.63,16.06,15.16,15.75
1814,2020-07-02,16.2,16.33,15.15,15.29
1813,2020-07-01,15.2,16.37,15.2,15.7
1812,2020-06-30,14.6,15.11,14.25,14.81
1811,2020-06-29,13.8,14.88,13.37,14.79
1810,2020-06-26,14.29,14.5,13.45,13.83
1809,2020-06-25,14.02,14.715,13.7318,14.44
1808,2020-06-24,15.67,15.9,14.04,14.6
1807,2020-06-23,15.73,15.97,15.23,15.95
1806,2020-06-22,15.77,15.8188,14.815,15.36
1805,2020-06-19,17.39,17.44,15.4,16.03
1804,2020-06-18,17.06,17.88,16.85,17.14
1803,2020-06-17,17.7,17.75,16.8,17.28
1802,2020-06-16,19.18,19.35,17.465,17.84
1801,2020-06-15,16.5,18.28,16.35,17.94
1800,2020-06-12,17.9,18.1,16.5,17.44
1799,2020-06-11,16.01,17.28,15.5,16.82
1798,2020-06-10,19.46,19.46,17.57,18.58
1797,2020-06-09,20.0,20.53,18.7701,19.66
1796,2020-06-08,20.93,20.93,20.1081,20.58
1795,2020-06-05,21.46,23.23,18.87,19.26
1794,2020-06-04,19.79,19.945,18.63,19.51
1793,2020-06-03,17.74,19.27,17.56,18.57
1792,2020-06-02,18.6,18.76,17.23,17.29
1791,2020-06-01,18.06,18.8638,17.79,18.32
1790,2020-05-29,18.06,18.69,17.42,18.06
1789,2020-05-28,20.27,20.4,18.53,18.69
1788,2020-05-27,20.02,20.39,18.37,20.07
1787,2020-05-26,19.27,19.4,18.53,18.79
1786,2020-05-22,17.45,17.96,16.68,17.56
1785,2020-05-21,16.91,17.38,16.08,17.28
1784,2020-05-20,16.48,17.28,15.95,16.97
1783,2020-05-19,15.73,16.86,14.66,15.67
1782,2020-05-18,15.18,16.24,15.06,15.7
1781,2020-05-15,12.7,14.06,12.48,13.8
1780,2020-05-14,11.52,12.99,11.5,12.82
1779,2020-05-13,12.73,12.76,11.69,12.19
1778,2020-05-12,14.0,14.3,12.75,12.83
1777,2020-05-11,14.55,14.62,13.85,13.94
1776,2020-05-08,14.22,15.5,13.75,15.0
1775,2020-05-07,14.24,14.88,14.09,14.73
1774,2020-05-06,14.03,14.36,13.72,13.98
1773,2020-05-05,14.77,14.99,13.7,13.81
1772,2020-05-04,13.36,14.92,13.11,14.55
1771,2020-05-01,13.91,14.11,13.1,14.11
1770,2020-04-30,15.81,15.88,14.51,14.69
1769,2020-04-29,15.8,16.17,15.01,16.11
1768,2020-04-28,15.1,15.15,13.55,14.39
1767,2020-04-27,12.39,14.67,12.28,13.97
1766,2020-04-24,12.2,12.64,11.76,12.2
1765,2020-04-23,11.34,12.45,11.0,12.09
1764,2020-04-22,11.72,11.86,10.805,11.01
1763,2020-04-21,10.31,11.5,10.25,11.36
1762,2020-04-20,10.31,11.8,9.6,10.76
1761,2020-04-17,10.15,10.9,9.76,10.83
1760,2020-04-16,10.28,10.39,9.115,9.24
1759,2020-04-15,10.33,10.81,10.06,10.4
1758,2020-04-14,11.29,11.97,10.865,11.2
1757,2020-04-13,12.13,12.23,10.5,10.98
1756,2020-04-09,11.99,12.8,11.39,11.94
1755,2020-04-08,10.76,11.79,10.42,10.9
1754,2020-04-07,11.54,12.32,10.1,10.37
1753,2020-04-06,9.61,10.86,9.59,10.49
1752,2020-04-03,9.7,9.7,8.44,9.05
1751,2020-04-02,9.79,10.44,9.0,9.64
1750,2020-04-01,10.26,10.45,9.31,9.93
1749,2020-03-31,11.48,12.04,10.69,11.02
1748,2020-03-30,12.82,13.0,10.985,11.52
1747,2020-03-27,14.2,14.51,13.43,13.65
1746,2020-03-26,15.86,16.92,14.58,15.25
1745,2020-03-25,13.95,18.315,13.12,15.42
1744,2020-03-24,11.57,13.815,11.57,13.38
1743,2020-03-23,9.59,10.77,8.79,10.52
1742,2020-03-20,9.18,10.65,8.59,9.75
1741,2020-03-19,7.47,9.06,6.75,8.54
1740,2020-03-18,8.16,8.3162,7.23,7.46
1739,2020-03-17,10.85,10.85,8.38,8.74
1738,2020-03-16,9.85,12.38,9.5,10.52
1737,2020-03-13,13.32,13.46,9.59,12.31
1736,2020-03-12,14.48,14.49,11.76,11.99
1735,2020-03-11,16.71,16.78,14.73,15.89
1734,2020-03-10,17.13,17.87,15.25,17.5
1733,2020-03-09,19.1,19.42,16.35,16.4
1732,2020-03-06,20.4,22.5,20.05,20.93
1731,2020-03-05,24.04,24.04,21.44,21.46
1730,2020-03-04,25.25,25.64,23.75,24.89
1729,2020-03-03,26.54,27.51,24.97,25.08
1728,2020-03-02,27.33,27.33,24.82,26.47
1727,2020-02-28,26.22,27.68,25.89,27.21
1726,2020-02-27,27.11,29.41,25.83,27.68
1725,2020-02-26,30.0,30.55,26.53,27.68
1724,2020-02-25,32.83,32.85,29.41,29.76
1723,2020-02-24,33.46,33.62,31.65,32.64
1722,2020-02-21,35.38,35.44,34.41,34.72
1721,2020-02-20,33.86,35.83,33.76,35.38
1720,2020-02-19,36.05,36.5,36.04,36.11
1719,2020-02-18,36.88,36.96,35.55,35.97
1718,2020-02-14,36.37,36.905,36.27,36.88
1717,2020-02-13,36.1,36.36,35.75,36.33
1716,2020-02-12,36.03,36.75,36.0,36.09
1715,2020-02-11,35.74,36.43,35.53,35.99
1714,2020-02-10,34.97,35.63,34.77,35.62
1713,2020-02-07,35.06,35.48,34.79,35.0
1712,2020-02-06,35.1,35.4,34.89,35.12
1711,2020-02-05,35.2,35.595,34.82,34.96
1710,2020-02-04,34.8,35.28,34.49,34.88
1709,2020-02-03,34.66,34.88,34.14,34.41
1708,2020-01-31,34.48,34.99,34.27,34.46
1707,2020-01-30,34.25,34.55,33.93,34.54
1706,2020-01-29,34.74,35.17,34.455,34.73
1705,2020-01-28,34.92,35.15,34.39,34.81
1704,2020-01-27,34.74,34.92,34.42,34.68
1703,2020-01-24,35.7,35.75,35.2071,35.66
1702,2020-01-23,35.37,35.82,34.91,35.64
1701,2020-01-22,35.46,35.8,35.14,35.51
1700,2020-01-21,35.65,35.89,35.12,35.33
1699,2020-01-17,35.38,35.78,35.28,35.73
1698,2020-01-16,34.63,35.54,34.56,35.35
1697,2020-01-15,34.97,35.22,34.385,34.56
1696,2020-01-14,34.7,35.23,34.6,34.99
1695,2020-01-13,34.66,34.99,34.372,34.87
1694,2020-01-10,34.25,34.84,33.68,34.64
1693,2020-01-09,34.32,34.96,33.9615,34.74
1692,2020-01-08,34.16,34.305,33.68,34.16
1691,2020-01-07,33.25,34.29,32.78,34.17
1690,2020-01-06,31.73,32.84,31.6996,32.44
1689,2020-01-03,32.54,32.81,31.43,32.06
1688,2020-01-02,31.75,32.98,31.75,32.91
1687,2019-12-31,31.59,31.9,31.53,31.71
1686,2019-12-30,32.22,32.48,31.55,31.61
1685,2019-12-27,32.34,32.65,32.21,32.22
1684,2019-12-26,33.01,33.16,32.23,32.35
1683,2019-12-24,32.56,32.9,32.53,32.88
1682,2019-12-23,33.17,33.32,32.53,32.62
1681,2019-12-20,32.78,33.3,32.78,33.12
1680,2019-12-19,32.44,32.99,32.32,32.81
1679,2019-12-18,31.77,32.5,31.62,32.37
1678,2019-12-17,31.51,31.91,31.22,31.37
1677,2019-12-16,31.77,32.17,31.35,31.65
1676,2019-12-13,31.17,31.735,30.93,31.59
1675,2019-12-12,30.22,31.41,30.22,31.31
1674,2019-12-11,30.24,30.8,30.09,30.23
1673,2019-12-10,30.42,30.59,30.1136,30.24
1672,2019-12-09,29.63,30.66,29.63,30.45
1671,2019-12-06,29.24,29.7,29.04,29.65
1670,2019-12-05,29.3,29.58,29.13,29.16
1669,2019-12-04,29.19,29.52,28.9,29.23
1668,2019-12-03,28.75,29.16,28.55,29.05
1667,2019-12-02,29.35,29.58,29.035,29.2
1666,2019-11-29,29.46,29.74,29.17,29.28
1665,2019-11-27,29.3,29.47,29.03,29.37
1664,2019-11-26,29.81,30.24,29.17,29.17
1663,2019-11-25,30.66,30.74,29.75,29.94
1662,2019-11-22,29.95,30.55,29.67,30.54
1661,2019-11-21,29.97,30.45,29.75,29.84
1660,2019-11-20,29.93,30.36,29.67,29.95
1659,2019-11-19,30.04,30.36,29.71,29.92
1658,2019-11-18,28.93,30.055,28.93,29.88
1657,2019-11-15,28.68,28.91,28.39,28.66
1656,2019-11-14,29.02,29.16,28.18,28.52
1655,2019-11-13,29.49,29.57,28.49,28.93
1654,2019-11-12,29.35,29.92,29.17,29.42
1653,2019-11-11,28.91,29.38,28.56,29.34
1652,2019-11-08,28.86,29.93,28.29,29.28
1651,2019-11-07,26.93,30.21,26.5,28.6
1650,2019-11-06,26.14,26.14,25.12,25.8
1649,2019-11-05,25.9,26.54,25.79,26.13
1648,2019-11-04,26.99,26.99,25.61,25.75
1647,2019-11-01,26.56,26.82,26.42,26.79
1646,2019-10-31,26.33,26.54,26.01,26.42
1645,2019-10-30,26.51,26.72,26.03,26.38
1644,2019-10-29,26.81,27.02,26.49,26.57
1643,2019-10-28,27.25,27.37,26.5,26.87
1642,2019-10-25,27.19,27.37,26.85,27.25
1641,2019-10-24,27.83,27.83,26.82,27.24
1640,2019-10-23,27.51,27.705,26.8,27.68
1639,2019-10-22,28.04,28.44,27.89,27.97
1638,2019-10-21,28.0,28.33,27.81,28.06
1637,2019-10-18,27.63,28.16,27.41,27.86
1636,2019-10-17,27.5,28.0,27.27,27.65
1635,2019-10-16,27.11,27.61,26.54,27.42
1634,2019-10-15,26.57,27.3,26.36,27.2
1633,2019-10-14,26.24,26.69,26.11,26.54
1632,2019-10-11,26.01,26.545,26.0,26.36
1631,2019-10-10,25.74,26.58,25.74,25.84
1630,2019-10-09,26.08,26.2,25.765,25.93
1629,2019-10-08,26.11,26.42,25.93,26.01
1628,2019-10-07,26.96,27.02,26.23,26.38
1627,2019-10-04,26.26,27.2,26.05,26.98
1626,2019-10-03,25.64,26.185,25.03,26.16
1625,2019-10-02,25.73,25.84,25.0,25.59
1624,2019-10-01,26.4,26.52,25.59,25.86
1623,2019-09-30,26.38,26.6,26.03,26.32
1622,2019-09-27,26.35,26.63,26.18,26.32
1621,2019-09-26,26.75,26.89,26.01,26.3
1620,2019-09-25,27.43,27.6,26.47,26.88
1619,2019-09-24,27.78,28.03,27.47,27.53
1618,2019-09-23,27.02,27.85,26.96,27.66
1617,2019-09-20,27.71,27.71,26.93,27.01
1616,2019-09-19,27.77,28.32,27.331,27.7
1615,2019-09-18,28.5,28.55,27.44,27.67
1614,2019-09-17,28.18,29.43,28.02,28.52
1613,2019-09-16,29.89,30.67,29.555,30.08
1612,2019-09-13,30.72,30.84,29.9,30.09
1611,2019-09-12,30.2,30.825,30.18,30.61
1610,2019-09-11,29.47,30.1,29.23,30.05
1609,2019-09-10,28.72,29.47,27.89,29.3
1608,2019-09-09,29.11,29.14,27.64,28.73
1607,2019-09-06,28.93,29.31,28.5,28.86
1606,2019-09-05,28.97,29.43,28.51,28.94
1605,2019-09-04,28.78,29.03,28.39,28.82
1604,2019-09-03,28.88,29.33,28.47,28.6
1603,2019-08-30,28.79,29.07,28.23,29.01
1602,2019-08-29,29.5,30.18,28.65,28.67
1601,2019-08-28,29.24,29.79,28.73,29.65
1600,2019-08-27,30.53,30.67,29.27,29.34
1599,2019-08-26,30.8,30.85,29.66,30.37
1598,2019-08-23,30.95,31.07,30.375,30.62
1597,2019-08-22,31.62,31.64,30.14,30.99
1596,2019-08-21,31.97,31.97,31.225,31.33
1595,2019-08-20,31.9,32.09,31.24,31.64
1594,2019-08-19,32.04,32.41,31.61,31.95
1593,2019-08-16,31.21,31.96,31.2,31.63
1592,2019-08-15,30.05,31.04,30.0,31.0
1591,2019-08-14,31.22,31.22,30.21,30.27
1590,2019-08-13,31.29,32.005,30.66,31.56
1589,2019-08-12,32.73,33.14,31.25,31.49
1588,2019-08-09,32.23,33.37,32.03,33.01
1587,2019-08-08,30.34,32.41,30.25,32.19
1586,2019-08-07,28.77,30.29,28.5,30.08
1585,2019-08-06,32.0,32.27,28.49,28.84
1584,2019-08-05,29.7,29.9,28.49,29.24
1583,2019-08-02,30.27,30.46,29.7646,30.18
1582,2019-08-01,30.58,30.88,30.27,30.35
1581,2019-07-31,30.51,30.8,30.17,30.57
1580,2019-07-30,30.26,30.77,30.04,30.69
1579,2019-07-29,30.8,31.08,30.355,30.56
1578,2019-07-26,31.88,32.0,30.69,30.9
1577,2019-07-25,32.26,32.62,31.425,31.59
1576,2019-07-24,33.48,33.5,32.02,32.37
1575,2019-07-23,33.72,33.72,32.58,33.41
1574,2019-07-22,33.42,33.73,32.86,33.41
1573,2019-07-19,33.86,34.23,33.21,33.37
1572,2019-07-18,33.53,33.93,33.05,33.86
1571,2019-07-17,34.14,34.14,33.2,33.41
1570,2019-07-16,34.22,34.72,33.865,34.02
1569,2019-07-15,33.52,34.39,33.35,34.19
1568,2019-07-12,33.0,33.55,32.65,33.33
1567,2019-07-11,32.43,33.22,31.99,33.12
1566,2019-07-10,31.17,32.01,31.05,31.95
1565,2019-07-09,30.5,31.22,30.33,30.99
1564,2019-07-08,31.74,31.75,30.47,30.5
1563,2019-07-05,31.52,32.14,31.31,32.01
1562,2019-07-03,31.77,31.91,31.04,31.59
1561,2019-07-02,30.97,31.8,30.74,31.73
1560,2019-07-01,31.06,31.53,30.745,30.86
1559,2019-06-28,30.04,31.12,29.54,31.0
1558,2019-06-27,29.97,29.97,29.12,29.78
1557,2019-06-26,30.26,30.66,29.96,30.03
1556,2019-06-25,29.54,30.34,29.49,30.1
1555,2019-06-24,30.0,30.24,29.615,29.68
1554,2019-06-21,30.69,31.09,29.87,30.15
1553,2019-06-20,29.37,29.89,28.99,29.2
1552,2019-06-19,29.54,29.67,29.02,29.31
1551,2019-06-18,30.19,30.32,29.04,29.55
1550,2019-06-17,30.29,30.44,29.77,30.11
1549,2019-06-14,30.24,30.57,29.92,30.08
1548,2019-06-13,29.7,30.32,29.55,30.17
1547,2019-06-12,29.24,29.74,29.0,29.62
1546,2019-06-11,29.74,29.9299,28.8,29.31
1545,2019-06-10,29.45,31.16,29.45,29.75
1544,2019-06-07,31.13,31.2599,29.19,29.3
1543,2019-06-06,31.33,31.37,30.6143,30.98
1542,2019-06-05,31.37,31.475,30.16,31.07
1541,2019-06-04,32.44,32.73,31.04,31.35
1540,2019-06-03,31.96,32.4,31.46,32.27
1539,2019-05-31,31.53,32.0756,31.36,32.0
1538,2019-05-30,31.31,31.74,31.0942,31.7
1537,2019-05-29,31.75,31.79,30.75,31.07
1536,2019-05-28,30.41,32.55,29.75,31.77
1535,2019-05-24,27.08,27.35,26.83,27.25
1534,2019-05-23,26.77,27.16,26.53,26.96
1533,2019-05-22,26.87,27.42,26.82,27.06
1532,2019-05-21,26.69,27.16,26.47,27.0
1531,2019-05-20,26.78,26.86,26.1699,26.75
1530,2019-05-17,26.76,27.11,26.33,26.96
1529,2019-05-16,26.82,27.17,26.66,26.96
1528,2019-05-15,26.19,26.87,26.02,26.75
1527,2019-05-14,26.67,26.74,26.09,26.36
1526,2019-05-13,27.02,27.18,26.34,26.51
1525,2019-05-10,28.02,28.02,26.82,27.43
1524,2019-05-09,27.25,28.38,27.14,28.07
1523,2019-05-08,26.16,27.5,25.92,27.35
1522,2019-05-07,25.12,26.67,24.75,25.98
1521,2019-05-06,25.85,26.8,25.49,26.36
1520,2019-05-03,26.75,26.9,26.005,26.21
1519,2019-05-02,26.65,26.75,25.98,26.7
1518,2019-05-01,26.86,26.86,26.35,26.65
1517,2019-04-30,26.26,26.725,26.16,26.62
1516,2019-04-29,26.13,26.55,26.045,26.27
1515,2019-04-26,25.9,26.47,25.8,26.02
1514,2019-04-25,25.76,26.23,25.605,25.9
1513,2019-04-24,25.01,25.82,24.76,25.73
1512,2019-04-23,24.27,25.06,24.0753,24.95
1511,2019-04-22,23.24,24.32,23.12,24.21
1510,2019-04-18,23.82,24.04,23.23,23.38
1509,2019-04-17,24.11,24.11,23.26,23.74
1508,2019-04-16,24.21,24.3,23.94,24.01
1507,2019-04-15,24.69,24.69,23.63,24.14
1506,2019-04-12,24.69,25.5,24.68,24.83
1505,2019-04-11,24.19,24.38,23.56,24.07
1504,2019-04-10,23.69,24.33,23.6295,24.17
1503,2019-04-09,23.65,24.28,23.54,23.61
1502,2019-04-08,24.6,24.6,23.33,23.68
1501,2019-04-05,23.89,25.02,23.73,24.67
1500,2019-04-04,24.34,24.45,23.585,23.82
1499,2019-04-03,24.2,24.3,23.83,24.25
1498,2019-04-02,24.34,24.54,23.895,24.03
1497,2019-04-01,25.75,25.8,24.13,24.34
1496,2019-03-29,24.81,25.84,24.4,25.76
1495,2019-03-28,25.24,25.5,24.58,24.68
1494,2019-03-27,24.24,24.66,23.8,24.62
1493,2019-03-26,23.84,24.75,23.71,24.22
1492,2019-03-25,23.72,24.49,23.7,23.9
1491,2019-03-22,24.08,24.09,23.19,23.51
1490,2019-03-21,24.04,24.41,23.9607,24.15
1489,2019-03-20,24.13,24.63,24.0,24.05
1488,2019-03-19,23.73,24.18,23.47,24.13
1487,2019-03-18,24.18,24.21,23.5,23.61
1486,2019-03-15,25.8,25.82,24.15,24.2
1485,2019-03-14,26.17,26.24,25.62,25.7
1484,2019-03-13,25.63,26.55,25.5,26.21
1483,2019-03-12,26.63,26.63,25.7,25.73
1482,2019-03-11,27.21,27.39,26.36,26.55
1481,2019-03-08,26.35,27.3,25.63,27.28
1480,2019-03-07,26.83,26.95,26.005,26.03
1479,2019-03-06,27.13,27.5,26.93,27.0
1478,2019-03-05,26.55,27.34,26.31,27.26
1477,2019-03-04,26.99,27.25,26.16,26.58
1476,2019-03-01,27.85,28.02,25.85,26.96
1475,2019-02-28,27.19,28.63,26.63,27.29
1474,2019-02-27,25.38,25.52,24.58,25.3
1473,2019-02-26,25.14,25.56,24.94,25.32
1472,2019-02-25,25.71,25.75,25.12,25.15
1471,2019-02-22,25.86,26.045,25.35,25.67
1470,2019-02-21,26.05,26.17,25.44,25.74
1469,2019-02-20,26.07,26.275,25.76,25.96
1468,2019-02-19,25.03,26.025,24.92,26.0
1467,2019-02-15,24.98,25.5,24.95,25.1
1466,2019-02-14,24.29,24.93,23.48,24.8
1465,2019-02-13,25.98,26.02,24.56,24.82
1464,2019-02-12,26.46,26.84,25.83,25.96
1463,2019-02-11,26.07,26.42,25.88,26.29
1462,2019-02-08,26.21,26.69,25.97,26.0
1461,2019-02-07,26.2,26.44,25.77,26.4
1460,2019-02-06,26.83,26.94,26.06,26.35
1459,2019-02-05,26.43,27.09,26.4,26.84
1458,2019-02-04,26.95,27.1,26.28,26.42
1457,2019-02-01,25.96,27.0,25.63,26.96
1456,2019-01-31,26.67,26.96,25.76,26.05
1455,2019-01-30,26.46,26.78,25.98,26.71
1454,2019-01-29,27.3,27.43,26.08,26.25
1453,2019-01-28,26.19,27.48,25.91,27.27
1452,2019-01-25,25.82,26.48,25.81,26.44
1451,2019-01-24,25.14,25.915,25.14,25.77
1450,2019-01-23,25.51,25.92,25.04,25.17
1449,2019-01-22,26.25,26.46,25.24,25.45
1448,2019-01-18,26.19,26.59,25.52,26.4
1447,2019-01-17,26.52,27.095,25.43,26.14
1446,2019-01-16,25.51,26.52,25.4,26.09
1445,2019-01-15,25.18,25.74,25.17,25.43
1444,2019-01-14,24.95,25.36,24.64,25.15
1443,2019-01-11,24.27,25.25,24.25,25.04
1442,2019-01-10,23.94,24.51,23.74,24.47
1441,2019-01-09,24.79,24.88,24.12,24.18
1440,2019-01-08,24.67,24.855,23.84,24.77
1439,2019-01-07,23.98,24.96,23.84,24.63
1438,2019-01-04,23.66,24.2,23.23,24.04
1437,2019-01-03,22.72,24.08,22.55,23.36
1436,2019-01-02,21.87,23.0,21.67,22.93
1435,2018-12-31,22.66,22.85,21.99,22.09
1434,2018-12-28,22.75,22.92,21.96,22.49
1433,2018-12-27,22.33,22.72,22.04,22.7
1432,2018-12-26,21.59,22.73,21.49,22.71
1431,2018-12-24,22.0,22.19,21.3625,21.48
1430,2018-12-21,23.22,23.45,21.89,22.14
1429,2018-12-20,24.19,24.21,22.67,23.45
1428,2018-12-19,26.81,26.83,23.965,24.37
1427,2018-12-18,28.23,28.23,26.37,26.81
1426,2018-12-17,28.33,29.17,27.83,27.95
1425,2018-12-14,27.21,28.35,27.2,28.35
1424,2018-12-13,27.82,27.97,27.12,27.56
1423,2018-12-12,28.24,28.66,27.67,27.68
1422,2018-12-11,28.07,28.15,27.54,27.82
1421,2018-12-10,26.85,27.87,26.64,27.7
1420,2018-12-07,27.66,27.98,26.68,26.94
1419,2018-12-06,27.46,27.81,26.73,27.73
1418,2018-12-04,28.54,28.79,27.62,27.75
1417,2018-12-03,28.94,28.94,28.2,28.54
1416,2018-11-30,28.45,28.7799,27.93,28.48
1415,2018-11-29,28.1,29.02,27.74,28.61
1414,2018-11-28,27.9,28.41,27.61,28.21
1413,2018-11-27,27.13,28.03,26.67,27.86
1412,2018-11-26,26.87,27.33,26.75,27.17
1411,2018-11-23,26.3,27.35,26.29,26.61
1410,2018-11-21,24.82,27.04,24.82,26.46
1409,2018-11-20,24.17,25.36,24.14,24.58
1408,2018-11-19,24.69,25.15,24.52,24.68
1407,2018-11-16,24.91,25.5,24.515,24.84
1406,2018-11-15,24.5,25.315,24.24,25.12
1405,2018-11-14,24.83,25.14,24.49,24.59
1404,2018-11-13,23.61,24.8855,23.61,24.59
1403,2018-11-12,24.69,24.76,23.6973,23.73
1402,2018-11-09,25.49,25.67,24.465,24.75
1401,2018-11-08,26.26,26.62,25.405,25.6
1400,2018-11-07,25.46,27.3,24.705,26.44
1399,2018-11-06,25.13,25.72,24.86,25.48
1398,2018-11-05,27.01,27.67,23.92,25.16
1397,2018-11-02,27.04,27.22,25.87,26.29
1396,2018-11-01,27.11,27.27,26.01,26.71
1395,2018-10-31,26.39,26.785,26.02,26.12
1394,2018-10-30,25.06,26.005,25.03,25.88
1393,2018-10-29,26.41,26.7,24.73,25.08
1392,2018-10-26,26.39,26.55,25.64,26.09
1391,2018-10-25,25.95,26.975,25.95,26.79
1390,2018-10-24,27.3,27.5,25.78,25.8
1389,2018-10-23,28.35,28.35,27.57,27.64
1388,2018-10-22,29.09,29.35,28.67,28.81
1387,2018-10-19,29.43,29.59,28.82,29.03
1386,2018-10-18,30.02,30.149,29.2,29.44
1385,2018-10-17,30.5,30.55,29.82,30.18
1384,2018-10-16,29.17,30.61,28.69,30.54
1383,2018-10-15,29.19,29.32,28.82,29.0
1382,2018-10-12,28.92,29.69,28.84,29.34
1381,2018-10-11,28.53,29.08,28.25,28.51
1380,2018-10-10,29.0,29.27,28.32,28.64
1379,2018-10-09,28.64,29.31,28.59,29.17
1378,2018-10-08,28.63,28.88,28.28,28.65
1377,2018-10-05,29.06,29.27,28.16,28.96
1376,2018-10-04,29.45,29.4627,28.57,28.93
1375,2018-10-03,29.35,30.2,29.18,29.46
1374,2018-10-02,31.62,31.73,28.9,29.43
1373,2018-10-01,31.39,31.58,29.865,30.0
1372,2018-09-28,31.9,32.31,31.3716,31.43
1371,2018-09-27,30.8,31.71,30.21,31.43
1370,2018-09-26,30.76,31.42,30.59,30.92
1369,2018-09-25,29.98,30.88,29.82,30.79
1368,2018-09-24,30.3,30.68,29.8,29.85
1367,2018-09-21,30.71,30.8,29.69,30.1
1366,2018-09-20,30.62,31.0,30.25,30.62
1365,2018-09-19,31.22,31.27,30.3,30.59
1364,2018-09-18,31.18,31.37,29.96,31.19
1363,2018-09-17,31.8,31.8,30.6,31.18
1362,2018-09-14,32.41,32.47,31.84,31.97
1361,2018-09-13,32.1,32.43,31.82,32.41
1360,2018-09-12,30.95,32.19,30.83,32.1
1359,2018-09-11,31.02,31.16,30.6,31.1
1358,2018-09-10,31.36,31.7,30.85,31.07
1357,2018-09-07,30.49,31.58,30.3125,31.28
1356,2018-09-06,30.04,30.75,29.98,30.49
1355,2018-09-05,30.39,30.39,29.65,30.04
1354,2018-09-04,29.21,30.5,29.21,30.39
1353,2018-08-31,28.76,29.45,28.6,29.32
1352,2018-08-30,28.14,28.73,28.0,28.72
1351,2018-08-29,27.98,28.25,27.89,28.25
1350,2018-08-28,27.61,28.0799,27.45,28.03
1349,2018-08-27,27.69,27.75,27.31,27.62
1348,2018-08-24,26.95,27.82,26.95,27.64
1347,2018-08-23,26.45,27.02,26.45,26.97
1346,2018-08-22,26.26,26.72,26.16,26.45
1345,2018-08-21,25.41,26.325,25.41,26.25
1344,2018-08-20,25.88,25.91,25.04,25.37
1343,2018-08-17,25.62,25.95,25.36,25.88
1342,2018-08-16,25.53,26.0,25.21,25.62
1341,2018-08-15,25.55,26.04,25.43,25.55
1340,2018-08-14,25.17,25.77,25.06,25.66
1339,2018-08-13,24.8,25.53,24.8,25.18
1338,2018-08-10,25.62,25.62,24.65,25.0
1337,2018-08-09,25.45,26.09,25.45,25.62
1336,2018-08-08,25.82,25.82,25.06,25.35
1335,2018-08-07,25.4,26.26,24.67,25.58
1334,2018-08-06,25.4,26.0,23.07,24.69
1333,2018-08-03,21.42,21.82,21.03,21.13
1332,2018-08-02,21.01,21.54,21.01,21.47
1331,2018-08-01,21.19,21.56,21.0,21.04
1330,2018-07-31,21.16,21.43,21.06,21.3
1329,2018-07-30,21.53,21.79,21.02,21.18
1328,2018-07-27,21.93,21.93,21.5,21.64
1327,2018-07-26,22.04,22.4,21.68,21.92
1326,2018-07-25,22.01,22.385,22.0,22.16
1325,2018-07-24,22.51,22.62,21.81,21.95
1324,2018-07-23,22.06,22.7025,22.0,22.48
1323,2018-07-20,22.42,22.485,21.99,22.06
1322,2018-07-19,22.4,22.645,22.09,22.49
1321,2018-07-18,22.81,23.06,22.21,22.32
1320,2018-07-17,22.14,22.58,22.05,22.46
1319,2018-07-16,21.8,22.19,21.64,22.15
1318,2018-07-13,21.44,22.06,21.31,21.82
1317,2018-07-12,21.48,21.61,20.77,21.44
1316,2018-07-11,21.28,21.39,20.8,21.19
1315,2018-07-10,22.0,22.21,21.31,21.33
1314,2018-07-09,21.85,22.29,21.71,22.02
1313,2018-07-06,22.54,22.74,22.19,22.37
1312,2018-07-05,22.08,22.615,22.02,22.57
1311,2018-07-03,21.99,22.23,21.88,22.0
1310,2018-07-02,21.78,22.04,21.55,22.01
1309,2018-06-29,21.67,21.92,21.29,21.82
1308,2018-06-28,21.49,21.87,21.48,21.63
1307,2018-06-27,22.16,22.21,21.35,21.39
1306,2018-06-26,22.51,22.57,22.02,22.16
1305,2018-06-25,22.75,22.82,22.1,22.41
1304,2018-06-22,22.25,22.96,22.21,22.84
1303,2018-06-21,22.41,22.62,22.16,22.25
1302,2018-06-20,21.77,22.43,21.77,22.38
1301,2018-06-19,21.6,21.79,21.47,21.77
1300,2018-06-18,21.05,21.8,21.05,21.77
1299,2018-06-15,20.6,21.21,20.47,21.03
1298,2018-06-14,20.93,21.35,20.48,20.61
1297,2018-06-13,20.96,21.2,20.7345,20.86
1296,2018-06-12,19.7965,21.2,19.55,21.06
1295,2018-06-11,20.84,21.29,20.73,21.01
1294,2018-06-08,20.41,21.175,20.24,20.82
1293,2018-06-07,20.41,20.78,19.93,20.39
1292,2018-06-06,18.9,20.37,18.881,20.27
1291,2018-06-05,18.22,18.94,18.09,18.91
1290,2018-06-04,18.05,18.43,18.03,18.26
1289,2018-06-01,17.75,18.2,17.75,18.04
1288,2018-05-31,17.74,17.89,17.52,17.75
1287,2018-05-30,17.7,17.9,17.63,17.69
1286,2018-05-29,17.72,17.94,17.53,17.69
1285,2018-05-25,17.55,18.03,17.5101,17.82
1284,2018-05-24,17.29,17.58,17.16,17.54
1283,2018-05-23,17.15,17.47,17.04,17.34
1282,2018-05-22,17.14,17.39,17.14,17.14
1281,2018-05-21,16.97,17.31,16.97,17.09
1280,2018-05-18,17.19,17.25,16.62,16.97
1279,2018-05-17,16.7,17.3,16.6303,17.19
1278,2018-05-16,16.16,16.965,16.16,16.69
1277,2018-05-15,16.06,16.24,15.94,16.2
1276,2018-05-14,17.05,17.05,16.11,16.12
1275,2018-05-11,16.98,17.11,16.56,17.08
1274,2018-05-10,16.8,17.38,16.8,16.93
1273,2018-05-09,16.94,17.0999,16.6,16.74
1272,2018-05-08,17.46,18.5,16.95,16.99
1271,2018-05-07,16.09,16.14,15.75,15.85
1270,2018-05-04,16.47,16.54,15.82,16.09
1269,2018-05-03,16.36,16.7408,16.01,16.36
1268,2018-05-02,15.93,16.705,15.78,16.4
1267,2018-05-01,15.07,15.54,14.69,15.47
1266,2018-04-30,15.19,15.27,14.89,15.09
1265,2018-04-27,15.23,15.31,14.95,15.1
1264,2018-04-26,15.36,15.36,14.83,15.23
1263,2018-04-25,14.98,15.47,14.84,15.3
1262,2018-04-24,15.16,15.18,14.835,14.96
1261,2018-04-23,15.44,15.44,15.04,15.06
1260,2018-04-20,15.57,15.63,15.27,15.41
1259,2018-04-19,15.89,16.05,15.6,15.63
1258,2018-04-18,16.17,16.35,15.95,15.95
1257,2018-04-17,15.97,16.31,15.95,16.15
1256,2018-04-16,15.94,16.13,15.7201,15.89
1255,2018-04-13,15.36,16.1,15.34,15.86
1254,2018-04-12,15.56,15.68,15.27,15.4
1253,2018-04-11,15.41,15.685,15.375,15.52
1252,2018-04-10,15.61,15.78,15.24,15.43
1251,2018-04-09,15.61,16.07,15.46,15.46
1250,2018-04-06,15.39,16.26,15.35,15.6
1249,2018-04-05,14.98,15.55,14.82,15.46
1248,2018-04-04,14.39,14.96,14.31,14.94
1247,2018-04-03,13.97,14.6,13.87,14.55
1246,2018-04-02,14.79,14.87,13.9,13.97
1245,2018-03-29,14.79,15.015,14.79,14.83
1244,2018-03-28,14.7,14.96,14.675,14.76
1243,2018-03-27,14.32,14.82,14.195,14.63
1242,2018-03-26,14.46,14.46,14.06,14.25
1241,2018-03-23,14.16,14.56,14.16,14.3
1240,2018-03-22,14.24,14.61,14.09,14.13
1239,2018-03-21,14.1,14.48,14.03,14.34
1238,2018-03-20,14.46,14.52,13.94,14.1
1237,2018-03-19,14.7,14.7,14.41,14.5
1236,2018-03-16,14.5,14.86,14.09,14.63
1235,2018-03-15,14.68,14.72,14.34,14.5
1234,2018-03-14,14.6,14.755,14.44,14.65
1233,2018-03-13,14.68,14.85,14.57,14.61
1232,2018-03-12,14.55,14.74,14.33,14.69
1231,2018-03-09,15.41,15.42,14.335,14.56
1230,2018-03-08,14.57,15.21,14.52,15.19
1229,2018-03-07,14.36,14.6,14.34,14.57
1228,2018-03-06,14.45,14.565,14.24,14.44
1227,2018-03-05,14.61,14.67,14.29,14.45
1226,2018-03-02,14.26,14.87,14.12,14.66
1225,2018-03-01,14.68,15.01,14.58,14.58
1224,2018-02-28,15.04,15.04,14.3,14.63
1223,2018-02-27,16.52,16.91,14.78,14.92
1222,2018-02-26,15.45,15.84,15.34,15.74
1221,2018-02-23,15.18,15.5,15.06,15.46
1220,2018-02-22,15.39,15.59,15.03,15.08
1219,2018-02-21,15.38,15.54,15.28,15.31
1218,2018-02-20,15.62,15.72,15.25,15.38
1217,2018-02-16,15.67,15.95,15.61,15.69
1216,2018-02-15,15.9,16.0,15.63,15.66
1215,2018-02-14,15.72,15.975,15.5,15.89
1214,2018-02-13,15.74,15.89,15.625,15.77
1213,2018-02-12,15.5,15.85,15.32,15.82
1212,2018-02-09,15.12,15.6,14.95,15.45
1211,2018-02-08,14.99,15.24,14.78,15.08
1210,2018-02-07,15.07,15.44,14.94,14.97
1209,2018-02-06,14.51,15.24,14.48,15.08
1208,2018-02-05,14.95,15.43,14.81,14.82
1207,2018-02-02,15.06,15.2,14.76,15.1
1206,2018-02-01,15.28,16.0,15.12,15.18
1205,2018-01-31,14.78,15.3,14.73,15.25
1204,2018-01-30,14.65,14.89,14.58,14.73
1203,2018-01-29,14.57,14.82,14.45,14.74
1202,2018-01-26,14.6,14.71,14.4,14.65
1201,2018-01-25,14.53,14.71,14.23,14.54
1200,2018-01-24,14.37,14.81,14.295,14.53
1199,2018-01-23,14.25,14.43,14.11,14.34
1198,2018-01-22,13.85,14.32,13.76,14.29
1197,2018-01-19,13.94,13.96,13.58,13.76
1196,2018-01-18,14.24,14.31,13.94,13.96
1195,2018-01-17,14.25,14.42,14.07,14.23
1194,2018-01-16,15.07,15.11,14.09,14.23
1193,2018-01-12,14.9,15.11,14.485,14.84
1192,2018-01-11,14.28,15.2,14.28,14.92
1191,2018-01-10,13.73,14.2,13.58,14.18
1190,2018-01-09,14.0,14.2,13.86,13.87
1189,2018-01-08,13.97,14.2,13.79,14.03
1188,2018-01-05,13.65,13.97,13.47,13.84
1187,2018-01-04,13.71,13.78,13.45,13.63
1186,2018-01-03,13.95,13.98,13.65,13.7
1185,2018-01-02,13.6,13.96,13.48,13.92
1184,2017-12-29,13.785,13.795,13.46,13.57
1183,2017-12-28,13.62,13.805,13.43,13.74
1182,2017-12-27,13.61,13.8,13.44,13.56
1181,2017-12-26,13.73,13.97,13.51,13.64
1180,2017-12-22,13.62,13.7,13.31,13.63
1179,2017-12-21,13.29,13.8,13.1,13.73
1178,2017-12-20,13.03,13.29,12.98,13.16
1177,2017-12-19,13.15,13.23,12.94,13.08
1176,2017-12-18,13.25,13.33,12.59,13.02
1175,2017-12-15,13.12,13.28,13.0,13.25
1174,2017-12-14,12.95,13.08,12.76,13.07
1173,2017-12-13,12.8,12.97,12.71,12.82
1172,2017-12-12,13.12,13.29,12.76,12.77
1171,2017-12-11,12.76,13.32,12.745,13.1
1170,2017-12-08,12.88,13.26,12.73,12.77
1169,2017-12-07,13.0,13.11,12.72,12.89
1168,2017-12-06,12.92,13.22,12.87,13.08
1167,2017-12-05,12.38,13.03,12.3,12.99
1166,2017-12-04,12.22,12.6,12.06,12.38
1165,2017-12-01,11.83,12.45,11.7456,12.19
1164,2017-11-30,11.63,11.91,11.41,11.75
1163,2017-11-29,11.2,11.94,11.08,11.62
1162,2017-11-28,10.83,11.24,10.76,11.16
1161,2017-11-27,10.8,11.08,10.74,10.79
1160,2017-11-24,10.71,10.86,10.42,10.8
1159,2017-11-22,10.87,11.14,10.58,10.61
1158,2017-11-21,11.01,11.28,10.65,10.8
1157,2017-11-20,11.84,11.91,10.9,10.98
1156,2017-11-17,11.78,12.09,11.78,11.82
1155,2017-11-16,12.13,12.33,11.8,11.84
1154,2017-11-15,12.0,12.26,11.77,12.05
1153,2017-11-14,11.49,12.22,11.44,12.09
1152,2017-11-13,12.07,12.15,11.47,11.56
1151,2017-11-10,12.45,12.65,12.1,12.15
1150,2017-11-09,12.13,12.61,11.96,12.58
1149,2017-11-08,11.2,12.19,11.2,12.17
1148,2017-11-07,10.87,12.28,10.79,11.36
1147,2017-11-06,11.15,11.56,11.03,11.19
1146,2017-11-03,11.8,11.86,10.83,11.21
1145,2017-11-02,11.63,11.87,11.5,11.8
1144,2017-11-01,11.56,11.81,11.4,11.68
1143,2017-10-31,11.61,11.88,11.31,11.48
1142,2017-10-30,11.84,11.94,11.59,11.63
1141,2017-10-27,11.82,12.0,11.64,11.85
1140,2017-10-26,11.92,12.12,11.62,11.83
1139,2017-10-25,12.17,12.26,11.84,11.89
1138,2017-10-24,12.14,12.5,12.13,12.15
1137,2017-10-23,12.37,12.45,12.12,12.15
1136,2017-10-20,12.31,12.61,12.28,12.38
1135,2017-10-19,12.18,12.3,12.02,12.19
1134,2017-10-18,12.45,12.54,12.1,12.31
1133,2017-10-17,12.47,12.79,12.26,12.48
1132,2017-10-16,13.08,13.23,12.49,12.53
1131,2017-10-13,13.2,13.31,13.09,13.12
1130,2017-10-12,13.64,13.69,13.04,13.22
1129,2017-10-11,13.0,13.68,13.0,13.68
1128,2017-10-10,13.86,13.94,13.12,13.16
1127,2017-10-09,13.26,14.1,13.08,13.69
1126,2017-10-06,13.14,13.41,12.5,13.29
1125,2017-10-05,14.42,14.42,13.17,13.19
1124,2017-10-04,13.59,14.47,13.44,14.11
1123,2017-10-03,13.39,13.78,13.29,13.49
1122,2017-10-02,12.96,13.68,12.75,13.39
1121,2017-09-29,13.51,13.51,12.69,12.99
1120,2017-09-28,12.64,13.58,12.56,13.44
1119,2017-09-27,12.18,12.62,12.08,12.59
1118,2017-09-26,12.2,12.43,11.95,12.1
1117,2017-09-25,12.39,12.41,12.08,12.16
1116,2017-09-22,12.33,12.42,12.33,12.39
1115,2017-09-21,12.4,12.46,12.27,12.36
1114,2017-09-20,12.77,12.77,12.36,12.41
1113,2017-09-19,12.65,12.75,12.55,12.58
1112,2017-09-18,13.02,13.07,12.57,12.61
1111,2017-09-15,13.23,13.25,12.85,13.02
1110,2017-09-14,12.82,13.28,12.65,13.22
1109,2017-09-13,13.21,13.34,12.76,12.88
1108,2017-09-12,12.81,13.28,12.68,13.2
1107,2017-09-11,12.28,12.84,12.28,12.8
1106,2017-09-08,12.36,12.4,11.97,12.2
1105,2017-09-07,12.78,12.81,12.11,12.34
1104,2017-09-06,12.47,12.87,12.46,12.7
1103,2017-09-05,12.61,12.61,12.15,12.47
1102,2017-09-01,13.03,13.12,12.61,12.63
1101,2017-08-31,12.82,13.09,12.82,12.98
1100,2017-08-30,12.99,13.07,12.79,12.89
1099,2017-08-29,13.27,13.43,12.95,12.99
1098,2017-08-28,13.8,13.91,13.04,13.35
1097,2017-08-25,13.44,13.89,13.29,13.78
1096,2017-08-24,13.37,13.43,13.19,13.33
1095,2017-08-23,13.36,13.36,13.13,13.29
1094,2017-08-22,13.05,13.44,13.05,13.4
1093,2017-08-21,13.4,13.44,12.89,13.01
1092,2017-08-18,13.44,13.54,13.29,13.45
1091,2017-08-17,13.68,13.82,13.41,13.51
1090,2017-08-16,13.85,14.16,13.7,13.79
1089,2017-08-15,13.4,14.89,13.24,13.84
1088,2017-08-14,12.8,13.54,12.74,13.41
1087,2017-08-11,12.54,13.09,12.49,12.76
1086,2017-08-10,12.68,12.75,12.05,12.68
1085,2017-08-09,12.63,12.99,12.6,12.78
1084,2017-08-08,11.24,13.24,11.1,12.76
1083,2017-08-07,14.11,14.14,13.5,13.61
1082,2017-08-04,13.9,14.3,13.71,14.21
1081,2017-08-03,14.12,14.14,13.66,13.86
1080,2017-08-02,15.28,15.28,14.02,14.07
1079,2017-08-01,15.41,16.11,15.02,15.27
1078,2017-07-31,14.43,15.5,14.29,15.38
1077,2017-07-28,14.71,14.71,14.3,14.42
1076,2017-07-27,14.69,14.7,14.2,14.64
1075,2017-07-26,14.72,15.07,14.59,15.04
1074,2017-07-25,14.48,14.74,14.35,14.73
1073,2017-07-24,14.59,14.7,14.4,14.48
1072,2017-07-21,14.76,14.77,14.49,14.59
1071,2017-07-20,14.63,14.86,14.55,14.68
1070,2017-07-19,14.39,14.75,14.3,14.62
1069,2017-07-18,14.72,14.72,14.1,14.35
1068,2017-07-17,14.93,14.95,14.36,14.44
1067,2017-07-14,15.4,15.4,14.87,14.93
1066,2017-07-13,15.06,15.4,15.06,15.4
1065,2017-07-12,15.34,15.47,15.05,15.07
1064,2017-07-11,15.6,15.69,15.07,15.15
1063,2017-07-10,15.52,15.76,15.46,15.59
1062,2017-07-07,15.2,15.53,15.05,15.5
1061,2017-07-06,15.39,15.41,15.13,15.18
1060,2017-07-05,16.29,16.36,15.31,15.52
1059,2017-07-03,16.35,16.5,16.28,16.34
1058,2017-06-30,16.36,16.41,16.02,16.27
1057,2017-06-29,16.22,16.48,16.14,16.35
1056,2017-06-28,15.72,16.31,15.68,16.25
1055,2017-06-27,15.12,15.71,15.07,15.66
1054,2017-06-26,15.64,15.65,14.7,15.1
1053,2017-06-23,15.76,15.77,15.56,15.65
1052,2017-06-22,15.68,15.91,15.58,15.81
1051,2017-06-21,15.67,15.78,15.59,15.64
1050,2017-06-20,16.04,16.08,15.6,15.65
1049,2017-06-19,16.52,16.57,15.86,16.07
1048,2017-06-16,16.45,16.64,16.24,16.45
1047,2017-06-15,17.07,17.11,16.35,16.49
1046,2017-06-14,16.02,17.08,15.98,17.07
1045,2017-06-13,16.15,16.23,15.97,15.99
1044,2017-06-12,16.23,16.37,16.01,16.12
1043,2017-06-09,16.66,16.7,16.04,16.23
1042,2017-06-08,16.77,16.89,16.41,16.65
1041,2017-06-07,17.03,17.13,16.57,16.71
1040,2017-06-06,17.14,17.27,16.85,17.02
1039,2017-06-05,17.66,17.69,17.11,17.23
1038,2017-06-02,18.03,18.18,17.49,17.61
1037,2017-06-01,17.91,18.13,17.88,17.97
1036,2017-05-31,17.9,17.96,17.49,17.85
1035,2017-05-30,18.03,18.15,17.78,17.81
1034,2017-05-26,18.17,18.28,17.9,18.08
1033,2017-05-25,18.39,18.53,18.16,18.21
1032,2017-05-24,18.54,18.63,18.15,18.35
1031,2017-05-23,18.41,18.58,18.34,18.55
1030,2017-05-22,18.07,18.32,18.02,18.25
1029,2017-05-19,17.69,18.12,17.69,18.07
1028,2017-05-18,17.86,17.93,17.49,17.65
1027,2017-05-17,17.86,18.01,17.69,17.89
1026,2017-05-16,18.12,18.17,17.94,18.0
1025,2017-05-15,18.5,18.5,18.04,18.06
1024,2017-05-12,18.72,18.77,18.35,18.41
1023,2017-05-11,18.97,19.23,18.74,18.79
1022,2017-05-10,18.09,19.11,17.95,19.08
1021,2017-05-09,16.99,18.3,16.57,18.11
1020,2017-05-08,17.44,17.58,17.3,17.55
1019,2017-05-05,17.56,17.82,17.3,17.48
1018,2017-05-04,18.01,18.03,17.73,17.73
1017,2017-05-03,17.96,18.02,17.75,18.0
1016,2017-05-02,17.74,18.19,17.59,18.01
1015,2017-05-01,17.54,17.81,17.47,17.77
1014,2017-04-28,17.83,18.05,17.5,17.53
1013,2017-04-27,17.91,17.96,17.74,17.9
1012,2017-04-26,17.53,18.02,17.5,17.88
1011,2017-04-25,17.39,17.61,17.29,17.5
1010,2017-04-24,17.37,17.46,17.1,17.27
1009,2017-04-21,17.3,17.41,17.13,17.23
1008,2017-04-20,16.71,17.01,16.7,16.98
1007,2017-04-19,16.4,16.72,16.4,16.65
1006,2017-04-18,16.42,16.56,16.25,16.4
1005,2017-04-17,16.16,16.49,16.14,16.48
1004,2017-04-13,16.36,16.62,16.09,16.19
1003,2017-04-12,16.24,16.26,15.81,16.01
1002,2017-04-11,16.37,16.45,16.0,16.26
1001,2017-04-10,16.72,16.72,16.34,16.37
1000,2017-04-07,17.02,17.1,16.66,16.72
999,2017-04-06,17.5,17.62,17.03,17.05
998,2017-04-05,17.98,18.14,17.85,17.94
997,2017-04-04,18.27,18.4,17.88,17.91
996,2017-04-03,18.26,18.41,18.16,18.31
995,2017-03-31,18.25,18.43,18.16,18.27
994,2017-03-30,18.13,18.41,18.12,18.29
993,2017-03-29,18.08,18.18,17.98,18.13
992,2017-03-28,18.22,18.28,18.06,18.14
991,2017-03-27,17.94,18.42,17.83,18.29
990,2017-03-24,19.23,19.24,18.11,18.13
989,2017-03-23,17.27,17.46,17.17,17.31
988,2017-03-22,17.54,17.54,17.14,17.23
987,2017-03-21,17.75,17.83,17.48,17.56
986,2017-03-20,18.06,18.14,17.67,17.7
985,2017-03-17,18.33,18.6,17.95,18.12
984,2017-03-16,18.6,18.89,18.56,18.88
983,2017-03-15,18.42,18.7,18.2,18.62
982,2017-03-14,18.54,18.54,18.13,18.32
981,2017-03-13,18.64,18.69,18.44,18.57
980,2017-03-10,18.42,18.67,18.37,18.64
979,2017-03-09,18.23,18.45,18.15,18.31
978,2017-03-08,18.23,18.43,18.19,18.23
977,2017-03-07,18.35,18.5,18.15,18.17
976,2017-03-06,18.23,18.46,18.01,18.38
975,2017-03-03,18.48,18.85,18.18,18.24
974,2017-03-02,18.83,18.88,18.57,18.59
973,2017-03-01,19.4,19.45,18.78,18.9
972,2017-02-28,18.65,20.13,18.47,19.27
971,2017-02-27,18.57,18.79,18.49,18.78
970,2017-02-24,18.75,18.86,18.51,18.62
969,2017-02-23,19.33,19.43,18.81,18.85
968,2017-02-22,19.34,19.39,18.86,19.24
967,2017-02-21,19.59,19.89,19.23,19.31
966,2017-02-17,19.24,19.3,19.08,19.21
965,2017-02-16,19.24,19.34,19.06,19.24
964,2017-02-15,18.96,19.32,18.94,19.26
963,2017-02-14,19.02,19.14,18.97,19.0
962,2017-02-13,19.05,19.14,18.98,19.07
961,2017-02-10,19.1,19.19,18.76,18.94
960,2017-02-09,18.93,19.17,18.8,19.07
959,2017-02-08,18.74,18.97,18.46,18.93
958,2017-02-07,18.44,18.77,18.33,18.76
957,2017-02-06,18.23,18.64,18.22,18.41
956,2017-02-03,18.36,18.53,18.22,18.31
955,2017-02-02,18.19,18.42,18.09,18.31
954,2017-02-01,18.19,18.39,18.14,18.27
953,2017-01-31,18.34,18.34,17.99,18.11
952,2017-01-30,18.42,18.47,18.07,18.36
951,2017-01-27,18.87,18.87,18.42,18.48
950,2017-01-26,18.76,18.875,18.5,18.81
949,2017-01-25,18.89,18.96,18.665,18.71
948,2017-01-24,18.82,18.95,18.69,18.78
947,2017-01-23,18.79,18.83,18.64,18.74
946,2017-01-20,18.68,18.95,18.68,18.9
945,2017-01-19,18.84,18.97,18.6,18.67
944,2017-01-18,18.75,18.99,18.67,18.84
943,2017-01-17,18.62,18.85,18.52,18.71
942,2017-01-13,18.68,18.78,18.53,18.71
941,2017-01-12,18.8,18.95,18.39,18.63
940,2017-01-11,18.86,18.98,18.66,18.93
939,2017-01-10,18.58,18.99,18.44,18.84
938,2017-01-09,18.76,18.855,18.5,18.52
937,2017-01-06,19.04,19.08,18.64,18.73
936,2017-01-05,19.06,19.21,18.87,18.99
935,2017-01-04,19.54,19.6,19.09,19.12
934,2017-01-03,19.12,19.53,19.0,19.5
933,2016-12-30,19.18,19.19,18.86,18.93
932,2016-12-29,19.23,19.35,19.075,19.16
931,2016-12-28,19.36,19.42,19.005,19.23
930,2016-12-27,19.06,19.43,19.05,19.39
929,2016-12-23,19.17,19.33,19.05,19.07
928,2016-12-22,19.1,19.29,19.01,19.12
927,2016-12-21,19.39,19.48,19.06,19.08
926,2016-12-20,19.65,19.8,19.38,19.42
925,2016-12-19,19.53,19.74,19.485,19.52
924,2016-12-16,19.6,19.88,19.46,19.62
923,2016-12-15,19.56,19.75,19.41,19.52
922,2016-12-14,19.86,19.88,19.1775,19.4
921,2016-12-13,19.36,19.53,19.02,19.5
920,2016-12-12,18.63,18.63,18.27,18.57
919,2016-12-09,18.68,18.83,18.56,18.66
918,2016-12-08,18.32,18.69,18.31,18.6
917,2016-12-07,18.23,18.45,18.15,18.26
916,2016-12-06,18.11,18.29,17.83,18.21
915,2016-12-05,17.64,18.155,17.62,18.12
914,2016-12-02,17.1,17.49,17.07,17.4
913,2016-12-01,16.86,17.09,16.8,17.09
912,2016-11-30,17.22,17.245,16.89,16.9
911,2016-11-29,17.32,17.51,17.01,17.08
910,2016-11-28,17.56,17.655,17.22,17.23
909,2016-11-25,17.6,17.68,17.495,17.6
908,2016-11-23,17.35,17.56,17.27,17.52
907,2016-11-22,17.46,17.53,17.2,17.25
906,2016-11-21,17.16,17.41,17.14,17.35
905,2016-11-18,16.95,17.19,16.86,17.11
904,2016-11-17,16.7,17.28,16.63,16.97
903,2016-11-16,16.53,16.88,16.53,16.72
902,2016-11-15,16.6,16.94,16.6,16.66
901,2016-11-14,16.29,17.24,16.29,16.71
900,2016-11-11,17.18,17.58,16.97,17.0
899,2016-11-10,16.58,17.15,16.51,17.1
898,2016-11-09,15.11,16.75,15.11,16.4
897,2016-11-08,13.8,15.42,13.791,15.41
896,2016-11-07,14.31,14.62,14.23,14.25
895,2016-11-04,14.13,14.32,13.96,14.1
894,2016-11-03,14.06,14.22,14.0,14.06
893,2016-11-02,14.12,14.22,14.04,14.07
892,2016-11-01,14.09,14.18,13.98,14.1
891,2016-10-31,14.29,14.3,13.96,14.01
890,2016-10-28,14.15,14.26,14.04,14.22
889,2016-10-27,14.22,14.22,13.94,14.03
888,2016-10-26,13.82,14.19,13.82,14.18
887,2016-10-25,14.05,14.05,13.8,13.96
886,2016-10-24,14.1,14.35,14.05,14.07
885,2016-10-21,13.84,14.04,13.82,13.96
884,2016-10-20,13.82,13.97,13.76,13.95
883,2016-10-19,13.58,13.84,13.53,13.83
882,2016-10-18,13.87,13.87,13.6,13.6
881,2016-10-17,13.64,13.74,13.5901,13.63
880,2016-10-14,13.94,13.94,13.64,13.67
879,2016-10-13,14.11,14.21,13.79,13.81
878,2016-10-12,14.52,14.54,14.17,14.26
877,2016-10-11,14.25,14.62,14.16,14.54
876,2016-10-10,14.19,14.42,14.17,14.29
875,2016-10-07,14.22,14.365,14.15,14.22
874,2016-10-06,14.31,14.365,14.15,14.22
873,2016-10-05,14.18,14.4,14.15,14.37
872,2016-10-04,14.22,14.2411,14.045,14.19
871,2016-10-03,13.58,14.21,13.51,14.14
870,2016-09-30,13.54,13.64,13.41,13.48
869,2016-09-29,13.56,13.685,13.4038,13.54
868,2016-09-28,13.78,13.78,13.42,13.51
867,2016-09-27,13.43,13.75,13.3001,13.72
866,2016-09-26,13.28,13.59,13.28,13.4
865,2016-09-23,13.17,13.52,13.08,13.46
864,2016-09-22,13.09,13.44,12.9,13.23
863,2016-09-21,12.14,12.38,12.03,12.28
862,2016-09-20,11.77,12.29,11.77,12.12
861,2016-09-19,12.7,12.765,12.535,12.69
860,2016-09-16,12.57,12.73,12.44,12.62
859,2016-09-15,12.66,12.81,12.59,12.62
858,2016-09-14,12.44,12.69,12.34,12.64
857,2016-09-13,12.14,12.44,12.1,12.41
856,2016-09-12,12.1,12.22,11.92,12.21
855,2016-09-09,12.55,12.56,12.01,12.15
854,2016-09-08,13.09,13.12,12.45,12.6
853,2016-09-07,13.07,13.14,12.965,13.11
852,2016-09-06,13.14,13.14,12.9,13.04
851,2016-09-02,13.16,13.295,13.04,13.17
850,2016-09-01,13.09,13.22,12.99,13.08
849,2016-08-31,13.05,13.08,12.9,13.01
848,2016-08-30,12.99,13.0601,12.91,13.03
847,2016-08-29,13.01,13.1,12.88,13.02
846,2016-08-26,13.4,13.45,12.9,13.02
845,2016-08-25,13.64,13.72,13.36,13.38
844,2016-08-24,13.5,13.835,13.49,13.73
843,2016-08-23,13.19,13.46,13.1,13.43
842,2016-08-22,12.92,13.245,12.82,13.13
841,2016-08-19,13.0,13.06,12.86,12.89
840,2016-08-18,13.19,13.36,12.94,13.06
839,2016-08-17,13.04,13.35,12.93,13.33
838,2016-08-16,13.0,13.13,12.81,13.01
837,2016-08-15,13.33,13.42,13.02,13.09
836,2016-08-12,13.26,13.41,13.21,13.34
835,2016-08-11,13.46,13.54,13.13,13.24
834,2016-08-10,13.01,13.18,12.8,13.13
833,2016-08-09,13.17,13.29,12.95,12.98
832,2016-08-08,13.17,13.36,13.11,13.16
831,2016-08-05,13.0,13.55,12.93,13.21
830,2016-08-04,12.89,13.285,12.58,12.88
829,2016-08-03,14.35,14.95,14.14,14.84
828,2016-08-02,15.01,15.37,14.295,14.37
827,2016-08-01,15.34,15.43,15.0,15.01
826,2016-07-29,15.26,15.44,15.22,15.4
825,2016-07-28,15.06,15.37,15.01,15.32
824,2016-07-27,15.75,15.84,15.02,15.1
823,2016-07-26,15.83,16.13,15.73,15.75
822,2016-07-25,15.67,15.88,15.58,15.85
821,2016-07-22,15.47,15.71,15.43,15.68
820,2016-07-21,15.33,15.615,15.33,15.47
819,2016-07-20,14.97,15.49,14.88,15.33
818,2016-07-19,14.72,15.02,14.71,14.89
817,2016-07-18,14.74,14.86,14.65,14.72
816,2016-07-15,14.66,14.91,14.47,14.72
815,2016-07-14,14.9,14.96,14.54,14.59
814,2016-07-13,14.87,15.01,14.72,14.74
813,2016-07-12,15.09,15.29,14.75,14.86
812,2016-07-11,14.53,15.03,14.46,14.98
811,2016-07-08,14.14,14.56,14.14,14.48
810,2016-07-07,14.18,14.32,13.83,14.0
809,2016-07-06,14.07,14.15,14.0,14.13
808,2016-07-05,14.08,14.295,13.94,14.08
807,2016-07-01,14.37,14.44,14.15,14.17
806,2016-06-30,14.0,14.35,13.93,14.33
805,2016-06-29,14.03,14.37,14.02,14.23
804,2016-06-28,13.91,14.24,13.75,13.96
803,2016-06-27,14.29,14.42,13.48,13.8
802,2016-06-24,14.68,14.89,14.11,14.5
801,2016-06-23,15.19,15.47,15.13,15.18
800,2016-06-22,15.09,15.165,14.975,15.05
799,2016-06-21,15.35,15.45,15.06,15.09
798,2016-06-20,15.52,15.61,15.27,15.32
797,2016-06-17,15.65,15.65,15.13,15.3
796,2016-06-16,15.45,15.63,15.34,15.56
795,2016-06-15,15.81,16.11,15.725,15.76
794,2016-06-14,15.77,15.85,15.53,15.76
793,2016-06-13,16.12,16.18,15.725,15.85
792,2016-06-10,16.39,16.455,16.1,16.2
791,2016-06-09,16.76,16.93,16.45,16.48
790,2016-06-08,16.8,16.91,16.56,16.74
789,2016-06-07,16.87,17.04,16.61,16.73
788,2016-06-06,16.83,16.915,16.42,16.8
787,2016-06-03,17.11,17.26,16.82,16.83
786,2016-06-02,17.23,17.53,17.23,17.33
785,2016-06-01,17.44,17.44,17.17,17.28
784,2016-05-31,17.69,17.8,17.2301,17.46
783,2016-05-27,17.66,17.87,17.66,17.7
782,2016-05-26,17.54,17.675,17.4296,17.58
781,2016-05-25,17.72,17.88,17.29,17.47
780,2016-05-24,17.72,17.83,17.62,17.67
779,2016-05-23,17.68,17.86,17.56,17.6
778,2016-05-20,17.55,17.68,17.47,17.63
777,2016-05-19,17.44,17.7,17.4,17.48
776,2016-05-18,17.52,17.79,17.31,17.54
775,2016-05-17,17.82,17.94,17.56,17.63
774,2016-05-16,17.8,17.98,17.68,17.8
773,2016-05-13,18.16,18.29,17.66,17.81
772,2016-05-12,17.96,18.4,17.91,18.27
771,2016-05-11,17.56,18.09,17.46,17.87
770,2016-05-10,18.32,18.51,18.22,18.43
769,2016-05-09,18.36,18.59,18.2,18.36
768,2016-05-06,18.29,18.73,18.21,18.48
767,2016-05-05,17.95,18.67,17.51,18.49
766,2016-05-04,19.63,19.72,19.34,19.47
765,2016-05-03,19.65,20.03,19.32,19.71
764,2016-05-02,20.02,20.02,19.44,19.72
763,2016-04-29,20.03,20.175,19.65,19.93
762,2016-04-28,20.26,20.355,19.88,19.99
761,2016-04-27,20.15,20.44,20.048,20.33
760,2016-04-26,19.82,20.295,19.78,20.15
759,2016-04-25,19.79,19.995,19.68,19.86
758,2016-04-22,19.77,20.08,19.77,19.89
757,2016-04-21,20.17,20.33,19.69,19.8
756,2016-04-20,20.31,20.65,19.84,20.23
755,2016-04-19,20.85,21.04,20.29,20.3
754,2016-04-18,20.72,20.91,20.52,20.85
753,2016-04-15,20.82,20.92,20.34,20.75
752,2016-04-14,21.72,21.845,21.15,21.42
751,2016-04-13,21.37,21.77,21.353,21.65
750,2016-04-12,21.24,21.485,21.1711,21.34
749,2016-04-11,21.39,21.43,21.0,21.26
748,2016-04-08,21.25,21.4,21.1,21.26
747,2016-04-07,21.0,21.33,20.9,21.2
746,2016-04-06,20.64,21.14,20.56,21.04
745,2016-04-05,20.72,20.81,20.54,20.63
744,2016-04-04,20.96,21.27,20.83,20.87
743,2016-04-01,20.98,20.99,20.65,20.9
742,2016-03-31,21.41,21.52,20.98,21.06
741,2016-03-30,20.98,21.525,20.8301,21.45
740,2016-03-29,20.38,20.94,20.25,20.86
739,2016-03-28,20.09,20.47,20.01,20.43
738,2016-03-24,20.17,20.28,19.795,19.98
737,2016-03-23,19.94,20.37,19.94,20.23
736,2016-03-22,19.98,20.13,19.63,20.01
735,2016-03-21,20.0,20.14,19.35,20.13
734,2016-03-18,19.67,20.05,19.05,19.97
733,2016-03-17,17.61,18.77,17.46,18.72
732,2016-03-16,17.0,17.1323,16.87,17.12
731,2016-03-15,17.2,17.27,16.96,17.05
730,2016-03-14,17.27,17.49,17.1,17.4
729,2016-03-11,17.57,17.57,17.23,17.29
728,2016-03-10,17.42,17.57,17.25,17.38
727,2016-03-09,17.83,17.8899,17.525,17.57
726,2016-03-08,18.27,18.27,17.74,17.76
725,2016-03-07,18.4,18.63,18.25,18.32
724,2016-03-04,18.14,18.515,18.11,18.48
723,2016-03-03,17.79,18.06,17.75,18.04
722,2016-03-02,18.11,18.22,17.68,17.97
721,2016-03-01,18.17,18.2,17.74,18.17
720,2016-02-29,17.76,18.255,17.71,18.09
719,2016-02-26,18.05,18.42,17.6,17.78
718,2016-02-25,19.11,19.11,17.49,18.01
717,2016-02-24,19.42,19.97,19.15,19.83
716,2016-02-23,19.42,19.71,19.12,19.67
715,2016-02-22,19.08,19.35,18.85,19.32
714,2016-02-19,18.84,19.08,18.6199,19.01
713,2016-02-18,18.88,19.01,18.57,18.88
712,2016-02-17,18.47,18.9,18.42,18.88
711,2016-02-16,18.15,18.42,18.09,18.36
710,2016-02-12,17.63,18.02,17.63,17.94
709,2016-02-11,17.45,17.7,17.35,17.6
708,2016-02-10,17.49,18.02,17.49,17.68
707,2016-02-09,17.47,17.68,17.26,17.5
706,2016-02-08,18.13,18.21,17.56,17.66
705,2016-02-05,18.37,18.5,18.17,18.3
704,2016-02-04,18.58,18.67,18.215,18.49
703,2016-02-03,18.7,18.81,18.24,18.77
702,2016-02-02,18.92,18.92,18.395,18.61
701,2016-02-01,18.98,19.24,18.72,19.1
700,2016-01-29,19.1,19.36,18.86,19.06
699,2016-01-28,19.08,19.2,18.82,19.09
698,2016-01-27,18.8,19.18,18.67,19.0
697,2016-01-26,18.39,18.88,18.3,18.87
696,2016-01-25,18.59,18.74,18.315,18.4
695,2016-01-22,18.28,18.65,18.22,18.65
694,2016-01-21,17.9,18.28,17.69,18.07
693,2016-01-20,17.68,18.0,17.23,17.92
692,2016-01-19,17.63,18.14,17.38,17.97
691,2016-01-15,16.98,17.55,16.93,17.5
690,2016-01-14,18.24,18.35,17.41,17.7
689,2016-01-13,18.57,18.58,18.07,18.23
688,2016-01-12,19.08,19.08,18.51,18.75
687,2016-01-11,19.25,19.34,18.72,18.98
686,2016-01-08,19.4,19.52,19.17,19.18
685,2016-01-07,19.22,19.6,19.2001,19.26
684,2016-01-06,19.27,19.7536,19.27,19.57
683,2016-01-05,19.41,19.635,19.27,19.58
682,2016-01-04,19.48,19.55,19.21,19.39
681,2015-12-31,19.82,19.865,19.69,19.69
680,2015-12-30,20.01,20.215,19.87,19.87
679,2015-12-29,20.22,20.23,19.81,20.14
678,2015-12-28,19.94,20.19,19.84,20.15
677,2015-12-24,19.79,20.14,19.685,19.99
676,2015-12-23,19.5,19.885,19.38,19.8
675,2015-12-22,19.28,19.58,19.02,19.39
674,2015-12-21,18.83,19.07,18.69,18.87
673,2015-12-18,18.65,19.015,18.65,18.68
672,2015-12-17,18.94,18.995,18.69,18.71
671,2015-12-16,18.66,18.98,18.48,18.94
670,2015-12-15,18.2,18.745,18.15,18.52
669,2015-12-14,17.79,18.26,17.72,18.08
668,2015-12-11,17.65,18.24,17.65,17.77
667,2015-12-10,17.8,18.0611,17.73,17.91
666,2015-12-09,17.88,17.92,17.69,17.85
665,2015-12-08,17.61,17.76,17.52,17.68
664,2015-12-07,17.71,17.87,17.63,17.79
663,2015-12-04,17.7,17.91,17.66,17.77
662,2015-12-03,17.73,18.03,17.53,17.65
661,2015-12-02,17.78,17.94,17.67,17.69
660,2015-12-01,17.56,17.87,17.55,17.84
659,2015-11-30,17.65,17.67,17.37,17.51
658,2015-11-27,17.63,17.74,17.56,17.62
657,2015-11-25,17.64,17.74,17.56,17.7
656,2015-11-24,17.35,17.72,17.21,17.66
655,2015-11-23,17.32,17.5,17.19,17.43
654,2015-11-20,17.27,17.5,17.16,17.33
653,2015-11-19,17.39,17.53,17.1201,17.14
652,2015-11-18,17.04,17.255,16.95,17.25
651,2015-11-17,17.29,17.3,16.86,16.96
650,2015-11-16,17.4,17.49,17.02,17.28
649,2015-11-13,17.74,18.0,17.39,17.42
648,2015-11-12,17.67,18.04,17.43,17.82
647,2015-11-11,18.1,18.25,17.89,18.08
646,2015-11-10,17.91,18.26,17.8,18.02
645,2015-11-09,18.02,18.83,17.89,17.91
644,2015-11-06,17.75,18.21,17.75,18.14
643,2015-11-05,18.08,18.695,17.11,18.3
642,2015-11-04,19.89,19.935,19.43,19.52
641,2015-11-03,20.06,20.18,19.74,19.79
640,2015-11-02,20.06,20.28,19.81,20.18
639,2015-10-30,19.89,20.04,19.5,19.93
638,2015-10-29,19.92,20.16,19.69,19.88
637,2015-10-28,19.99,20.15,19.76,20.01
636,2015-10-27,19.84,20.11,19.65,19.83
635,2015-10-26,19.63,19.91,19.504,19.88
634,2015-10-23,19.51,19.74,19.35,19.64
633,2015-10-22,19.1,19.44,19.1,19.36
632,2015-10-21,19.0,19.3,18.852,18.96
631,2015-10-20,18.76,19.06,18.682,18.88
630,2015-10-19,18.7,18.85,18.5909,18.72
629,2015-10-16,18.84,18.87,18.575,18.72
628,2015-10-15,18.69,18.85,18.485,18.77
627,2015-10-14,18.74,18.91,18.53,18.69
626,2015-10-13,18.31,18.75,18.24,18.69
625,2015-10-12,18.05,18.5,17.86,18.3
624,2015-10-09,19.24,19.24,17.92,18.15
623,2015-10-08,18.9,19.18,18.855,19.12
622,2015-10-07,18.84,19.07,18.68,18.95
621,2015-10-06,18.84,18.98,18.7,18.76
620,2015-10-05,18.75,18.86,18.62,18.8
619,2015-10-02,17.77,18.66,17.66,18.6
618,2015-10-01,17.86,18.12,17.62,17.9
617,2015-09-30,17.6,17.88,17.48,17.81
616,2015-09-29,17.76,17.76,17.36,17.48
615,2015-09-28,18.04,18.12,17.69,17.73
614,2015-09-25,17.89,18.365,17.76,18.06
613,2015-09-24,17.48,18.18,17.38,18.07
612,2015-09-23,17.55,17.78,17.442,17.53
611,2015-09-22,17.47,17.64,17.36,17.5
610,2015-09-21,17.75,17.825,17.5907,17.7
609,2015-09-18,17.79,17.87,17.6,17.67
608,2015-09-17,18.11,18.325,17.95,18.03
607,2015-09-16,18.0,18.11,17.86,18.11
606,2015-09-15,18.2,18.33,17.92,17.96
605,2015-09-14,18.2,18.25,18.09,18.22
604,2015-09-11,18.04,18.18,17.92,18.16
603,2015-09-10,18.12,18.36,18.08,18.22
602,2015-09-09,17.93,18.24,17.88,18.16
601,2015-09-08,17.98,17.9925,17.57,17.76
600,2015-09-04,17.29,17.78,17.29,17.68
599,2015-09-03,17.27,17.6,17.26,17.52
598,2015-09-02,17.44,17.45,16.99,17.28
597,2015-09-01,17.42,17.65,17.01,17.23
596,2015-08-31,17.83,18.01,17.65,17.8
595,2015-08-28,17.74,18.13,17.72,17.92
594,2015-08-27,17.74,17.96,17.53,17.79
593,2015-08-26,17.39,17.615,17.005,17.56
592,2015-08-25,17.71,17.71,17.07,17.1
591,2015-08-24,17.63,18.04,17.22,17.23
590,2015-08-21,18.41,18.7,18.2,18.45
589,2015-08-20,19.22,19.22,18.71,18.77
588,2015-08-19,18.85,19.47,18.62,19.47
587,2015-08-18,18.8,19.11,18.67,18.95
586,2015-08-17,18.32,18.895,18.29,18.77
585,2015-08-14,18.45,18.72,18.36,18.49
584,2015-08-13,18.81,18.89,18.47,18.52
583,2015-08-12,18.02,18.85,17.95,18.77
582,2015-08-11,18.7,18.73,18.08,18.21
581,2015-08-10,18.13,18.8,18.03,18.71
580,2015-08-07,18.08,18.45,17.81,18.06
579,2015-08-06,17.12,18.52,17.11,18.14
578,2015-08-05,17.75,17.925,17.29,17.4
577,2015-08-04,17.69,17.8,17.43,17.68
576,2015-08-03,17.35,17.81,17.35,17.69
575,2015-07-31,17.52,17.64,17.25,17.34
574,2015-07-30,17.71,17.73,17.08,17.43
573,2015-07-29,17.45,17.81,17.4,17.73
572,2015-07-28,17.64,17.86,17.39,17.4
571,2015-07-27,17.88,18.04,17.52,17.62
570,2015-07-24,18.17,18.376,17.825,18.0
569,2015-07-23,18.51,18.608,18.2,18.23
568,2015-07-22,18.15,18.56,18.03,18.53
567,2015-07-21,17.91,18.3,17.826,18.27
566,2015-07-20,18.17,18.17,17.8001,17.92
565,2015-07-17,18.2,18.35,18.07,18.2
564,2015-07-16,18.35,18.35,17.875,18.19
563,2015-07-15,18.57,18.65,18.23,18.33
562,2015-07-14,18.43,18.72,18.34,18.61
561,2015-07-13,18.68,18.84,18.42,18.51
560,2015-07-10,18.46,18.755,18.45,18.54
559,2015-07-09,18.3,18.48,18.2,18.26
558,2015-07-08,17.97,18.14,17.73,18.11
557,2015-07-07,17.95,18.13,17.52,18.09
556,2015-07-06,18.14,18.4,17.83,17.9
555,2015-07-02,18.67,18.67,18.2,18.27
554,2015-07-01,18.52,18.71,18.34,18.65
553,2015-06-30,19.14,19.14,18.24,18.44
552,2015-06-29,19.49,19.5,18.93,18.98
551,2015-06-26,19.25,19.615,19.11,19.6
550,2015-06-25,19.34,19.34,19.1,19.23
549,2015-06-24,19.52,19.57,19.21,19.27
548,2015-06-23,19.47,19.66,19.42,19.53
547,2015-06-22,19.69,19.72,19.41,19.44
546,2015-06-19,19.98,19.98,19.46,19.55
545,2015-06-18,19.94,20.09,19.85,19.93
544,2015-06-17,20.17,20.31,20.04,20.14
543,2015-06-16,20.52,20.65,20.27,20.29
542,2015-06-15,20.54,20.57,20.333,20.49
541,2015-06-12,20.66,20.87,20.54,20.6
540,2015-06-11,20.93,20.98,20.25,20.65
539,2015-06-10,20.69,21.0,20.65,20.86
538,2015-06-09,20.45,20.64,20.29,20.61
537,2015-06-08,21.11,21.29,19.86,20.43
536,2015-06-05,21.08,21.14,20.66,20.7
535,2015-06-04,21.28,21.31,21.06,21.13
534,2015-06-03,21.26,21.46,21.2,21.37
533,2015-06-02,21.29,21.39,21.13,21.31
532,2015-06-01,21.61,21.78,21.27,21.39
531,2015-05-29,21.72,22.09,21.54,21.6
530,2015-05-28,21.8,21.98,21.369,21.67
529,2015-05-27,21.44,22.1125,21.37,21.82
528,2015-05-26,21.66,21.7005,21.31,21.43
527,2015-05-22,21.3,21.8,21.17,21.7
526,2015-05-21,21.47,21.47,21.06,21.29
525,2015-05-20,21.53,21.56,21.27,21.44
524,2015-05-19,21.48,21.52,21.22,21.48
523,2015-05-18,21.27,21.5,21.2,21.46
522,2015-05-15,21.66,21.66,21.03,21.34
521,2015-05-14,21.61,21.81,21.42,21.68
520,2015-05-13,21.48,21.72,21.44,21.47
519,2015-05-12,21.14,21.48,20.79,21.39
518,2015-05-11,20.98,21.41,20.91,21.16
517,2015-05-08,21.46,21.66,20.94,20.98
516,2015-05-07,21.54,21.57,20.7,21.09
515,2015-05-06,21.64,21.75,21.21,21.54
514,2015-05-05,21.72,21.88,21.47,21.54
513,2015-05-04,21.65,21.94,21.42,21.67
512,2015-05-01,21.63,21.9,21.49,21.65
511,2015-04-30,21.17,21.32,21.02,21.2
510,2015-04-29,21.49,21.52,21.145,21.25
509,2015-04-28,21.38,21.56,21.15,21.54
508,2015-04-27,22.29,22.68,21.32,21.44
507,2015-04-24,21.17,21.5949,21.14,21.49
506,2015-04-23,20.91,21.33,20.89,21.14
505,2015-04-22,20.99,20.99,20.786,20.91
504,2015-04-21,21.05,21.09,20.84,20.86
503,2015-04-20,20.44,21.04,20.32,20.94
502,2015-04-17,20.35,20.38,20.09,20.29
501,2015-04-16,20.45,20.64,20.16,20.43
500,2015-04-15,20.58,20.63,20.35,20.47
499,2015-04-14,20.67,20.67,20.3,20.53
498,2015-04-13,20.24,20.705,20.116,20.67
497,2015-04-10,20.06,20.28,19.966,20.27
496,2015-04-09,20.1,20.19,19.74,19.99
495,2015-04-08,20.08,20.26,19.74,20.14
494,2015-04-07,20.08,20.2,19.89,20.01
493,2015-04-06,19.62,20.15,19.556,20.06
492,2015-04-02,19.57,19.8,19.51,19.66
491,2015-04-01,19.27,19.76,19.07,19.51
490,2015-03-31,19.33,19.35,19.08,19.28
489,2015-03-30,19.65,19.7,19.21,19.39
488,2015-03-27,19.49,19.625,19.26,19.51
487,2015-03-26,19.63,19.75,19.44,19.45
486,2015-03-25,19.92,19.92,19.45,19.67
485,2015-03-24,20.12,20.24,19.64,19.91
484,2015-03-23,20.05,20.33,19.81,20.21
483,2015-03-20,19.51,20.13,19.33,20.1
482,2015-03-19,19.19,19.29,19.05,19.11
481,2015-03-18,19.12,19.3102,19.02,19.22
480,2015-03-17,18.99,19.2,18.91,19.16
479,2015-03-16,19.0,19.1,18.63,19.04
478,2015-03-13,18.68,19.04,18.6,18.98
477,2015-03-12,18.59,18.72,18.33,18.68
476,2015-03-11,18.28,18.58,18.05,18.43
475,2015-03-10,18.89,18.89,18.41,18.51
474,2015-03-09,19.18,19.2,18.76,18.93
473,2015-03-06,19.5,19.57,18.98,19.09
472,2015-03-05,19.1,19.72,19.01,19.48
471,2015-03-04,18.91,19.105,18.585,19.05
470,2015-03-03,18.44,18.98,18.33,18.96
469,2015-03-02,18.69,18.77,18.33,18.45
468,2015-02-27,18.92,19.08,18.48,18.74
467,2015-02-26,19.78,20.06,18.93,19.17
466,2015-02-25,20.77,20.83,20.28,20.35
465,2015-02-24,20.29,20.82,20.15,20.77
464,2015-02-23,19.95,20.3,19.94,20.3
463,2015-02-20,19.76,20.1,19.65,19.96
462,2015-02-19,19.16,20.16,19.08,19.82
461,2015-02-18,18.96,19.2001,18.89,19.08
460,2015-02-17,18.8,19.1,18.72,18.98
459,2015-02-13,18.74,19.18,18.702,18.83
458,2015-02-12,18.41,18.87,18.26,18.8
457,2015-02-11,18.35,18.45,18.3,18.32
456,2015-02-10,17.99,18.41,17.94,18.38
455,2015-02-09,17.88,18.065,17.79,17.99
454,2015-02-06,18.04,18.15,17.92,17.98
453,2015-02-05,17.88,18.089,17.67,18.02
452,2015-02-04,17.86,17.95,17.6,17.76
451,2015-02-03,17.63,17.9,17.6,17.84
450,2015-02-02,17.52,17.56,16.81,17.55
449,2015-01-30,17.57,17.65,17.33,17.51
448,2015-01-29,17.4,17.71,17.19,17.64
447,2015-01-28,17.83,17.83,17.16,17.38
446,2015-01-27,17.15,17.84,17.0201,17.71
445,2015-01-26,16.68,17.42,16.65,17.4
444,2015-01-23,16.96,17.01,16.56,16.68
443,2015-01-22,16.55,17.0,16.44,16.93
442,2015-01-21,16.42,16.655,16.35,16.46
441,2015-01-20,16.55,16.66,16.22,16.45
440,2015-01-16,16.5,16.61,16.36,16.61
439,2015-01-15,16.82,16.9,16.28,16.5
438,2015-01-14,16.6,16.84,16.55,16.78
437,2015-01-13,16.95,17.12,16.53,16.79
436,2015-01-12,16.92,16.94,16.55,16.84
435,2015-01-09,17.22,17.22,16.82,16.85
434,2015-01-08,17.6,17.72,17.14,17.36
433,2015-01-07,17.51,17.65,17.07,17.47
432,2015-01-06,17.53,17.645,17.14,17.35
431,2015-01-05,17.87,17.87,17.13,17.45
430,2015-01-02,18.01,18.085,17.85,17.97
429,2014-12-31,18.04,18.1,17.88,17.9
428,2014-12-30,17.89,18.03,17.76,17.93
427,2014-12-29,17.56,18.13,17.54,17.93
426,2014-12-26,17.42,17.801,17.31,17.53
425,2014-12-24,17.6,17.6,17.29,17.4
424,2014-12-23,17.37,17.76,17.25,17.58
423,2014-12-22,17.44,17.46,17.07,17.35
422,2014-12-19,16.51,17.58,16.51,17.39
421,2014-12-18,16.5,16.82,16.08,16.4
420,2014-12-17,15.47,16.28,15.11,16.22
419,2014-12-16,15.55,15.65,15.41,15.43
418,2014-12-15,15.59,15.73,15.3198,15.55
417,2014-12-12,16.35,16.7299,15.72,15.77
416,2014-12-11,15.75,16.14,15.75,16.09
415,2014-12-10,16.1,16.19,15.57,15.64
414,2014-12-09,16.06,16.21,16.01,16.09
413,2014-12-08,16.17,16.38,16.08,16.14
412,2014-12-05,16.16,16.38,16.12,16.31
411,2014-12-04,16.21,16.28,16.08,16.13
410,2014-12-03,16.21,16.37,16.15,16.18
409,2014-12-02,16.57,16.62,16.09,16.25
408,2014-12-01,16.68,16.72,16.31,16.49
407,2014-11-28,16.81,16.93,16.6,16.69
406,2014-11-26,16.8,16.92,16.78,16.81
405,2014-11-25,17.04,17.11,16.85,16.88
404,2014-11-24,17.18,17.22,16.95,17.06
403,2014-11-21,17.19,17.24,17.0,17.07
402,2014-11-20,17.05,17.17,16.96,17.08
401,2014-11-19,17.0,17.23,16.99,17.1
400,2014-11-18,16.93,17.105,16.88,17.06
399,2014-11-17,16.95,17.05,16.64,16.94
398,2014-11-14,17.0,17.145,16.85,16.91
397,2014-11-13,16.77,17.12,16.65,17.02
396,2014-11-12,18.25,18.85,16.1601,16.85
395,2014-11-11,18.45,18.62,18.4,18.6
394,2014-11-10,18.33,18.98,18.23,18.45
393,2014-11-07,18.82,18.95,18.3159,18.39
392,2014-11-06,18.82,19.0,18.73,18.84
391,2014-11-05,18.57,19.02,18.57,18.7
390,2014-11-04,19.19,19.19,18.38,18.53
389,2014-11-03,19.19,19.42,19.06,19.25
388,2014-10-31,18.97,19.28,18.81,19.24
387,2014-10-30,16.77,17.12,16.65,17.02
386,2014-10-29,19.05,19.3,18.975,19.2
385,2014-10-28,18.5,19.19,18.48,19.0
384,2014-10-27,18.59,18.7,18.34,18.5
383,2014-10-24,18.5,18.6699,18.18,18.6
382,2014-10-23,18.21,18.9,18.08,18.55
381,2014-10-22,18.15,18.66,17.91,18.07
380,2014-10-21,17.85,18.31,17.85,18.06
379,2014-10-20,17.69,18.02,17.63,17.79
378,2014-10-17,17.85,18.03,17.625,17.71
377,2014-10-16,17.67,18.02,17.41,17.75
376,2014-10-15,17.96,18.005,17.22,17.96
375,2014-10-14,18.0,18.5,17.9801,18.15
374,2014-10-13,18.4,18.66,17.88,17.92
373,2014-10-10,18.48,18.71,18.1,18.35
372,2014-10-09,18.76,18.85,18.5,18.51
371,2014-10-08,18.69,18.94,18.44,18.82
370,2014-10-07,18.87,18.97,18.64,18.66
369,2014-10-06,19.03,19.19,18.8179,19.06
368,2014-10-03,18.95,19.25,18.83,18.97
367,2014-10-02,18.73,19.01,18.535,18.85
366,2014-10-01,19.2,19.27,18.64,18.73
365,2014-09-30,19.53,19.69,19.1549,19.23
364,2014-09-29,19.75,19.77,19.41,19.56
363,2014-09-26,19.85,20.15,19.62,19.98
362,2014-09-25,20.02,20.1,19.4535,19.72
361,2014-09-24,20.01,20.41,19.8704,20.37
360,2014-09-23,20.29,20.32,20.03,20.04
359,2014-09-22,20.51,20.55,20.24,20.32
358,2014-09-19,20.55,20.68,20.465,20.57
357,2014-09-18,20.52,20.77,20.5,20.54
356,2014-09-17,20.49,20.66,20.42,20.51
355,2014-09-16,20.37,20.59,20.37,20.53
354,2014-09-15,20.64,20.675,20.35,20.5
353,2014-09-12,20.8,20.92,20.57,20.7
352,2014-09-11,21.0,21.49,20.78,20.9
351,2014-09-10,20.37,20.78,20.37,20.69
350,2014-09-09,20.37,20.6,20.31,20.44
349,2014-09-08,20.38,20.8,20.361,20.54
348,2014-09-05,20.2,20.51,20.09,20.48
347,2014-09-04,20.19,20.39,20.13,20.26
346,2014-09-03,20.54,20.64,20.11,20.21
345,2014-09-02,20.81,20.86,20.47,20.51
344,2014-08-29,20.56,20.85,20.5,20.79
343,2014-08-28,20.75,20.75,20.32,20.56
342,2014-08-27,20.52,20.97,20.47,20.85
341,2014-08-26,20.17,20.57,20.01,20.47
340,2014-08-25,20.48,20.48,19.9,20.14
339,2014-08-22,19.39,20.85,19.15,20.27
338,2014-08-21,19.01,19.06,18.9,19.01
337,2014-08-20,18.75,19.05,18.7,18.94
336,2014-08-19,18.91,18.989,18.5,18.71
335,2014-08-18,19.0,19.2,18.78,18.9
334,2014-08-15,18.1,18.72,18.03,18.66
333,2014-08-14,19.04,19.1,17.83,18.0
332,2014-08-13,20.08,21.35,18.17,18.9
331,2014-08-12,27.98,28.439,27.86,28.15
330,2014-08-11,27.33,28.17,27.305,28.06
329,2014-08-08,27.18,27.24,26.69,27.17
328,2014-08-07,27.41,27.68,26.77,26.83
327,2014-08-06,27.83,27.86,27.0,27.43
326,2014-08-05,28.11,28.22,27.81,27.91
325,2014-08-04,27.82,28.33,27.7,28.27
324,2014-08-01,27.8,27.91,27.57,27.75
323,2014-07-31,28.03,28.146,27.75,27.85
322,2014-07-30,28.43,28.53,28.1,28.28
321,2014-07-29,28.16,28.505,28.15,28.21
320,2014-07-28,28.33,28.46,28.0,28.18
319,2014-07-25,28.0,28.33,27.96,28.3
318,2014-07-24,28.12,28.16,27.99,28.02
317,2014-07-23,27.99,28.02,27.75,28.02
316,2014-07-22,28.1,28.1499,27.68,27.93
315,2014-07-21,28.43,28.62,27.39,28.01
314,2014-07-18,27.94,28.635,27.94,28.55
313,2014-07-17,28.03,28.35,27.95,27.97
312,2014-07-16,28.51,28.67,28.08,28.15
311,2014-07-15,28.46,28.58,28.22,28.37
310,2014-07-14,28.73,28.73,28.37,28.38
309,2014-07-11,28.56,28.79,28.4725,28.58
308,2014-07-10,28.37,29.11,28.304,28.68
307,2014-07-09,28.97,28.97,28.49,28.66
306,2014-07-08,29.61,29.69,28.78,29.0
305,2014-07-07,29.61,29.74,29.16,29.59
304,2014-07-03,28.76,29.31,28.64,29.14
303,2014-07-02,28.15,28.87,28.06,28.85
302,2014-07-01,28.49,28.71,28.09,28.1
301,2014-06-30,28.0,28.35,27.8,28.33
300,2014-06-27,28.34,28.5,27.98,28.0
299,2014-06-26,28.41,28.565,28.18,28.38
298,2014-06-25,28.86,29.28,28.26,28.31
297,2014-06-24,29.46,29.73,28.71,28.87
296,2014-06-23,30.21,30.79,29.48,29.6
295,2014-06-20,30.23,30.57,30.17,30.32
294,2014-06-19,29.91,30.48,29.91,30.14
293,2014-06-18,29.5,30.15,29.5,29.98
292,2014-06-17,29.78,29.965,29.69,29.74
291,2014-06-16,30.05,30.162,29.77,29.81
290,2014-06-13,30.44,30.548,29.79,30.16
289,2014-06-12,31.08,31.122,30.42,30.5
288,2014-06-11,31.1,31.202,30.61,31.06
287,2014-06-10,31.01,31.27,30.89,31.18
286,2014-06-09,30.85,31.2,30.85,31.1
285,2014-06-06,30.63,30.97,30.38,30.84
284,2014-06-05,30.23,30.61,30.06,30.59
283,2014-06-04,30.29,30.5,30.22,30.36
282,2014-06-03,30.31,30.6,30.31,30.4
281,2014-06-02,30.67,30.81,29.96,30.45
280,2014-05-30,30.66,31.0,30.39,30.52
279,2014-05-29,31.24,31.39,30.72,30.76
278,2014-05-28,31.01,31.46,30.89,31.25
277,2014-05-27,31.19,31.29,30.94,31.15
276,2014-05-23,31.01,31.26,30.89,31.18
275,2014-05-22,31.02,31.36,30.74,31.04
274,2014-05-21,30.6,31.15,30.52,30.89
273,2014-05-20,31.0,31.0,30.37,30.64
272,2014-05-19,29.97,31.12,29.9501,30.96
271,2014-05-16,29.75,30.33,29.2,30.05
270,2014-05-15,29.24,30.222,28.75,29.68
269,2014-05-14,30.12,30.2,29.01,29.34
268,2014-05-13,30.59,30.6,29.82,29.91
267,2014-05-12,30.0,30.73,30.0,30.57
266,2014-05-09,30.44,30.7075,29.88,29.94
265,2014-05-08,30.54,31.05,30.3099,30.5
264,2014-05-07,30.62,30.8,30.14,30.57
263,2014-05-06,30.29,30.92,30.14,30.5
262,2014-05-05,30.81,30.9,30.015,30.36
261,2014-05-02,30.92,31.23,30.848,31.03
260,2014-05-01,30.0,30.81,29.88,30.71
259,2014-04-30,30.1,30.23,29.91,30.06
258,2014-04-29,29.99,30.43,29.72,30.09
257,2014-04-28,29.9,30.23,29.56,29.9
256,2014-04-25,30.35,30.35,29.67,29.7
255,2014-04-24,30.44,30.67,30.27,30.37
254,2014-04-23,30.2,30.48,29.83,30.24
253,2014-04-22,29.72,30.58,29.63,30.17
252,2014-04-21,29.93,29.99,29.5,29.68
251,2014-04-17,29.74,30.06,29.67,30.01
250,2014-04-16,30.02,30.25,29.59,29.73
249,2014-04-15,29.63,29.85,29.08,29.81
248,2014-04-14,30.31,30.31,29.25,29.68
247,2014-04-11,30.18,30.4,29.53,29.99
246,2014-04-10,31.87,31.922,30.46,30.46
245,2014-04-09,30.9,31.825,30.73,31.75
244,2014-04-08,29.4,31.17,29.0,30.9
243,2014-04-07,29.8,30.18,29.3,29.33
242,2014-04-04,30.87,30.9,29.75,29.97
241,2014-04-03,29.65,30.28,29.42,30.01
240,2014-04-02,30.14,30.76,29.71,30.44
239,2014-04-01,30.27,30.5769,29.8,30.01
238,2014-03-31,30.33,30.65,29.8,30.23
237,2014-03-28,30.59,31.04,30.07,30.14
236,2014-03-27,31.0,31.4,30.31,30.36
235,2014-03-26,31.75,32.05,30.95,31.06
234,2014-03-25,31.9,31.91,31.22,31.87
233,2014-03-24,32.35,32.47,31.47,31.98
232,2014-03-21,32.8,33.33,32.69,33.17
231,2014-03-20,32.06,32.99,32.02,32.8
230,2014-03-19,31.95,32.31,31.92,32.3
229,2014-03-18,31.05,32.03,31.05,31.97
228,2014-03-17,32.58,32.615,30.8,31.68
227,2014-03-14,31.1,33.08,30.5,32.56
226,2014-03-13,32.34,32.42,31.28,31.51
225,2014-03-12,33.4,33.63,32.19,32.37
224,2014-03-11,33.81,34.61,33.43,33.6
223,2014-03-10,33.08,34.0,32.79,33.87
222,2014-03-07,35.22,35.22,32.52,33.12
221,2014-03-06,35.0,35.19,34.76,35.11
220,2014-03-05,34.37,35.04,34.22,34.92
219,2014-03-04,33.95,35.0,33.86,34.4
218,2014-03-03,33.75,33.94,33.11,33.77
217,2014-02-28,34.12,34.48,33.56,34.14
216,2014-02-27,34.37,34.55,33.99,34.25
215,2014-02-26,34.64,35.3,34.13,34.29
214,2014-02-25,34.06,34.75,34.0,34.56
213,2014-02-24,33.48,34.11,33.46,34.0
212,2014-02-21,33.76,33.76,33.32,33.5
211,2014-02-20,33.77,33.95,33.52,33.76
210,2014-02-19,33.43,33.83,33.09,33.74
209,2014-02-18,33.25,33.76,33.25,33.4
208,2014-02-14,32.75,33.72,32.64,33.25
207,2014-02-13,32.42,32.9,32.25,32.81
206,2014-02-12,32.5,32.73,32.4,32.52
205,2014-02-11,32.53,32.84,32.25,32.54
204,2014-02-10,32.47,32.76,32.37,32.52
203,2014-02-07,32.02,32.63,31.66,32.6
202,2014-02-06,31.25,32.18,31.06,31.9
201,2014-02-05,31.38,31.6175,31.1299,31.22
200,2014-02-04,31.23,31.61,31.04,31.51
199,2014-02-03,32.27,32.5025,30.6,31.1
198,2014-01-31,31.85,32.54,31.24,32.42
197,2014-01-30,32.79,33.025,31.97,32.05
196,2014-01-29,33.1,33.15,32.46,32.62
195,2014-01-28,33.03,33.75,32.91,33.23
194,2014-01-27,33.25,33.36,32.53,33.15
193,2014-01-24,33.06,33.44,32.71,33.18
192,2014-01-23,32.8,33.52,32.43,33.44
191,2014-01-22,33.01,33.27,32.85,32.94
190,2014-01-21,33.23,33.465,32.5,32.99
189,2014-01-17,33.08,33.44,32.5,33.25
188,2014-01-16,31.14,33.635,31.11,33.59
187,2014-01-15,30.72,31.3,30.42,30.99
186,2014-01-14,30.28,31.07,30.28,30.78
185,2014-01-13,29.43,30.97,29.43,30.1
184,2014-01-10,28.0,29.59,28.0,29.45
183,2014-01-09,27.88,28.05,27.65,27.97
182,2014-01-08,28.17,28.17,27.49,27.79
181,2014-01-07,28.22,28.32,28.0,28.11
180,2014-01-06,28.86,28.94,28.0,28.21
179,2014-01-03,29.0,29.25,28.83,28.9
178,2014-01-02,28.81,29.34,28.6,29.02
177,2013-12-31,28.1,28.98,28.0,28.77
176,2013-12-30,28.69,28.69,28.02,28.12
175,2013-12-27,28.68,28.68,28.25,28.63
174,2013-12-26,29.03,29.14,28.44,28.54
173,2013-12-24,28.77,29.09,28.43,29.07
172,2013-12-23,29.33,29.49,28.67,28.79
171,2013-12-20,29.25,29.6,29.088,29.34
170,2013-12-19,29.54,29.87,29.21,29.27
169,2013-12-18,29.08,29.87,28.97,29.72
168,2013-12-17,29.5,29.78,29.25,29.33
167,2013-12-16,29.36,29.94,29.22,29.49
166,2013-12-13,29.4,29.61,28.76,29.31
165,2013-12-12,29.79,30.14,29.11,29.41
164,2013-12-11,29.6,30.24,29.45,30.08
163,2013-12-10,29.35,30.13,29.26,29.63
162,2013-12-09,29.48,30.004,29.25,29.85
161,2013-12-06,29.83,30.2,29.568,29.66
160,2013-12-05,29.61,30.25,29.468,29.68
159,2013-12-04,29.66,30.2,29.39,29.55
158,2013-12-03,29.99,30.25,29.39,29.65
157,2013-12-02,29.73,30.35,29.46,30.01
156,2013-11-29,29.65,29.82,29.43,29.82
155,2013-11-27,29.34,30.28,29.314,29.65
154,2013-11-26,29.86,30.26,29.45,29.6
153,2013-11-25,30.65,30.72,29.61,29.86
152,2013-11-22,30.64,30.93,30.37,30.52
151,2013-11-21,31.12,31.59,30.53,30.59
150,2013-11-20,31.24,32.29,29.73,31.19
149,2013-11-19,31.9,32.4,31.65,31.81
148,2013-11-18,31.45,32.26,31.45,32.05
147,2013-11-15,30.79,32.25,30.79,31.5
146,2013-11-14,32.73,34.0,30.37,30.68
145,2013-11-13,31.9,32.87,31.8,32.82
144,2013-11-12,32.68,33.02,31.78,31.92
143,2013-11-11,30.6,31.72,30.505,31.2
142,2013-11-08,30.85,31.07,30.38,30.67
141,2013-11-07,30.49,31.01,30.35,30.87
140,2013-11-06,29.37,30.78,29.2,30.48
139,2013-11-05,29.52,29.71,29.13,29.33
138,2013-11-04,29.75,29.96,28.99,29.67
137,2013-11-01,29.96,29.96,29.4,29.73
136,2013-10-31,29.78,30.19,29.72,30.03
135,2013-10-30,30.12,30.49,29.48,29.85
134,2013-10-29,30.39,30.62,29.91,30.03
133,2013-10-28,29.94,30.56,29.6,30.33
132,2013-10-25,29.76,30.145,29.48,29.99
131,2013-10-24,28.71,29.8,28.675,29.76
130,2013-10-23,29.17,29.39,28.69,28.71
129,2013-10-22,29.77,30.13,29.22,29.43
128,2013-10-21,29.96,29.96,29.43,29.76
127,2013-10-18,29.72,30.21,29.6,29.98
126,2013-10-17,29.19,29.76,29.09,29.57
125,2013-10-16,28.8,29.41,28.8,29.21
124,2013-10-15,28.62,29.17,28.39,28.56
123,2013-10-14,28.62,28.76,27.92,28.74
122,2013-10-11,27.95,28.89,27.9,28.62
121,2013-10-10,27.91,28.2,27.82,28.05
120,2013-10-09,28.19,28.3444,27.4801,27.66
119,2013-10-08,29.06,29.145,27.91,28.19
118,2013-10-07,29.07,29.34,29.07,29.13
117,2013-10-04,29.68,29.68,28.73,29.3
116,2013-10-03,30.0,30.18,29.455,29.65
115,2013-10-02,30.21,30.32,29.9,30.08
114,2013-10-01,29.71,30.68,29.65,30.3
113,2013-09-30,30.0,30.24,29.39,29.63
112,2013-09-27,30.42,30.7,30.09,30.21
111,2013-09-26,30.76,30.969,30.2,30.53
110,2013-09-25,31.64,31.84,30.55,30.78
109,2013-09-24,31.77,31.88,31.3701,31.65
108,2013-09-23,31.65,32.0,31.36,31.73
107,2013-09-20,31.63,31.91,31.51,31.73
106,2013-09-19,31.31,31.73,31.1,31.56
105,2013-09-18,30.95,31.64,30.85,31.3
104,2013-09-17,30.89,31.28,30.85,31.21
103,2013-09-16,31.55,31.79,30.72,30.96
102,2013-09-13,30.91,31.43,30.11,31.43
101,2013-09-12,30.5,31.34,29.56,30.84
100,2013-09-11,29.68,29.83,28.38,28.65
99,2013-09-10,29.28,30.17,29.25,29.78
98,2013-09-09,30.02,30.12,28.84,29.26
97,2013-09-06,30.01,30.29,29.35,30.0
96,2013-09-05,29.43,30.07,28.85,30.05
95,2013-09-04,29.69,29.775,28.97,29.34
94,2013-09-03,30.31,30.88,29.53,29.8
93,2013-08-30,29.83,30.24,29.6,29.93
92,2013-08-29,30.0,31.7,29.49,29.59
91,2013-08-28,31.69,31.9,29.6,29.7
90,2013-08-27,32.9,33.06,31.66,31.76
89,2013-08-26,33.36,33.71,33.0,33.07
88,2013-08-23,33.64,33.665,33.0,33.29
87,2013-08-22,33.37,33.61,33.0,33.54
86,2013-08-21,33.48,33.83,33.01,33.38
85,2013-08-20,33.57,33.81,33.43,33.47
84,2013-08-19,33.76,33.912,33.37,33.51
83,2013-08-16,33.62,34.23,33.38,33.88
82,2013-08-15,34.76,34.76,33.41,33.49
81,2013-08-14,33.0,35.4,32.83,34.94
80,2013-08-13,36.47,36.6798,35.88,36.31
79,2013-08-12,35.71,36.52,35.31,36.46
78,2013-08-09,35.75,36.02,35.17,35.95
77,2013-08-08,36.69,36.706,35.74,35.74
76,2013-08-07,36.7,36.95,36.43,36.51
75,2013-08-06,37.0,37.0,36.5585,36.88
74,2013-08-05,36.6,37.17,36.27,37.0
73,2013-08-02,37.04,37.48,36.46,36.61
72,2013-08-01,36.76,37.13,36.67,37.01
71,2013-07-31,36.76,37.265,36.15,36.67
70,2013-07-30,37.41,37.95,36.58,36.81
69,2013-07-29,37.53,37.91,37.3,37.54
68,2013-07-26,37.27,37.67,36.79,37.63
67,2013-07-25,37.7,37.9,37.14,37.47
66,2013-07-24,38.29,38.5775,37.5,37.81
65,2013-07-23,38.06,38.94,38.0,38.33
64,2013-07-22,38.23,38.23,37.89,38.05
63,2013-07-19,38.06,38.669,37.99,38.3
62,2013-07-18,38.3,38.48,37.73,38.18
61,2013-07-17,38.55,38.72,38.15,38.3
60,2013-07-16,38.88,38.92,37.9,38.71
59,2013-07-15,38.36,39.19,38.32,38.88
58,2013-07-12,38.949,38.99,37.992,38.32
57,2013-07-11,38.95,39.0,38.2,38.92
56,2013-07-10,38.5,38.94,37.854,38.53
55,2013-07-09,36.74,38.5,36.49,38.47
54,2013-07-08,35.48,36.61,35.48,36.49
53,2013-07-05,35.28,36.2,35.2,35.45
52,2013-07-03,35.55,35.5706,34.88,35.17
51,2013-07-02,36.4,36.52,35.37,35.7
50,2013-07-01,35.1,36.73,34.86,36.41
49,2013-06-28,35.13,35.9692,35.04,35.1
48,2013-06-27,35.6,35.9,34.81,35.1
47,2013-06-26,36.49,36.555,34.88,35.55
46,2013-06-25,37.65,37.7,36.08,36.3
45,2013-06-24,37.43,37.68,36.3,37.43
44,2013-06-21,37.99,38.31,37.68,37.73
43,2013-06-20,37.98,38.37,37.72,38.0
42,2013-06-19,37.97,38.49,37.72,38.28
41,2013-06-18,37.7,38.48,37.64,37.99
40,2013-06-17,38.34,39.058,37.48,37.9
39,2013-06-14,36.85,38.08,36.56,37.95
38,2013-06-13,36.49,37.13,35.64,37.13
37,2013-06-12,37.18,37.25,36.39,36.63
36,2013-06-11,37.22,37.315,36.75,37.02
35,2013-06-10,37.53,37.848,37.0001,37.73
34,2013-06-07,37.48,37.775,37.15,37.56
33,2013-06-06,36.47,37.49,36.35,37.45
32,2013-06-05,36.59,37.15,36.37,36.39
31,2013-06-04,36.01,37.27,35.7825,36.6
30,2013-06-03,35.02,35.64,34.17,35.64
29,2013-05-31,35.67,36.39,34.84,35.39
28,2013-05-30,36.03,36.23,35.351,35.6
27,2013-05-29,36.26,37.13,35.6,36.15
26,2013-05-28,38.72,38.78,37.51,37.71
25,2013-05-24,37.4,38.54,37.176,37.99
24,2013-05-23,37.0,37.49,34.62,37.46
23,2013-05-22,38.11,38.68,37.17,37.73
22,2013-05-21,38.78,39.23,37.83,38.11
21,2013-05-20,38.55,39.65,38.18,38.85
20,2013-05-17,37.61,39.03,37.41,38.88
19,2013-05-16,37.4,37.5,37.325,37.35
18,2013-05-15,36.9,37.58,36.9,37.35
17,2013-05-14,36.96,37.062,36.36,36.92
16,2013-05-13,35.19,37.0,35.11,36.86
15,2013-05-10,34.49,35.19,34.49,35.16
14,2013-05-09,33.75,34.82,33.6,34.35
13,2013-05-08,33.27,35.94,33.26,34.02
12,2013-05-07,32.89,33.84,32.79,33.72
11,2013-05-06,33.0,33.12,32.63,33.0
10,2013-05-03,34.0,34.0,32.85,33.13
9,2013-05-02,33.12,33.78,33.12,33.69
8,2013-05-01,33.2,33.51,32.63,33.05
7,2013-04-30,32.95,33.85,32.94,33.6
6,2013-04-29,32.04,33.24,32.04,33.16
5,2013-04-26,32.93,33.19,32.01,32.32
4,2013-04-25,32.48,34.12,32.03,33.2
3,2013-04-24,32.64,33.2,31.765,32.47
2,2013-04-23,32.92,33.46,32.55,32.85
1,2013-04-22,33.68,33.93,32.75,32.92
0,2013-04-19,30.56,34.67,30.26,33.52
